This is pdfTeX, Version 3.141592653-2.6-1.40.26 (TeX Live 2024) (preloaded format=pdflatex 2025.8.11)  30 JUL 2026 21:06
entering extended mode
 restricted \write18 enabled.
 %&-line parsing enabled.
**C01_B01_MO_DAU_VE_KHTN.tex
(./C01_B01_MO_DAU_VE_KHTN.tex
LaTeX2e <2023-11-01> patch level 1
L3 programming layer <2024-02-20>
(c:/texlive/2024/texmf-dist/tex/latex/subfiles/subfiles.cls
Document Class: subfiles 2020/11/14 v2.2 Multi-file projects (class)
Preamble taken from file `Main.tex'
(c:/texlive/2024/texmf-dist/tex/latex/import/import.sty
Package: import 2020/04/01  v 6.2
) (./Main.tex
(c:/texlive/2024/texmf-dist/tex/latex/base/book.cls
Document Class: book 2023/05/17 v1.4n Standard LaTeX document class
(c:/texlive/2024/texmf-dist/tex/latex/base/bk12.clo
File: bk12.clo 2023/05/17 v1.4n Standard LaTeX file (size option)
)
\c@part=\count188
\c@chapter=\count189
\c@section=\count190
\c@subsection=\count191
\c@subsubsection=\count192
\c@paragraph=\count193
\c@subparagraph=\count194
\c@figure=\count195
\c@table=\count196
\abovecaptionskip=\skip48
\belowcaptionskip=\skip49
\bibindent=\dimen140
)
(c:/texlive/2024/texmf-dist/tex/latex/xcolor/xcolor.sty
Package: xcolor 2023/11/15 v3.01 LaTeX color extensions (UK)

(c:/texlive/2024/texmf-dist/tex/latex/graphics-cfg/color.cfg
File: color.cfg 2016/01/02 v1.6 sample color configuration
)
Package xcolor Info: Driver file: pdftex.def on input line 274.

(c:/texlive/2024/texmf-dist/tex/latex/graphics-def/pdftex.def
File: pdftex.def 2022/09/22 v1.2b Graphics/color driver for pdftex
)
(c:/texlive/2024/texmf-dist/tex/latex/graphics/mathcolor.ltx)
Package xcolor Info: Model `cmy' substituted by `cmy0' on input line 1350.
Package xcolor Info: Model `hsb' substituted by `rgb' on input line 1354.
Package xcolor Info: Model `RGB' extended on input line 1366.
Package xcolor Info: Model `HTML' substituted by `rgb' on input line 1368.
Package xcolor Info: Model `Hsb' substituted by `hsb' on input line 1369.
Package xcolor Info: Model `tHsb' substituted by `hsb' on input line 1370.
Package xcolor Info: Model `HSB' substituted by `hsb' on input line 1371.
Package xcolor Info: Model `Gray' substituted by `gray' on input line 1372.
Package xcolor Info: Model `wave' substituted by `hsb' on input line 1373.
)
(c:/texlive/2024/texmf-dist/tex/latex/colortbl/colortbl.sty
Package: colortbl 2024/02/20 v1.0g Color table columns (DPC)

(c:/texlive/2024/texmf-dist/tex/latex/tools/array.sty
Package: array 2023/10/16 v2.5g Tabular extension package (FMi)
\col@sep=\dimen141
\ar@mcellbox=\box51
\extrarowheight=\dimen142
\NC@list=\toks17
\extratabsurround=\skip50
\backup@length=\skip51
\ar@cellbox=\box52
)
\everycr=\toks18
\minrowclearance=\skip52
\rownum=\count197
)
(c:/texlive/2024/texmf-dist/tex/latex/amsmath/amsmath.sty
Package: amsmath 2023/05/13 v2.17o AMS math features
\@mathmargin=\skip53

For additional information on amsmath, use the `?' option.
(c:/texlive/2024/texmf-dist/tex/latex/amsmath/amstext.sty
Package: amstext 2021/08/26 v2.01 AMS text

(c:/texlive/2024/texmf-dist/tex/latex/amsmath/amsgen.sty
File: amsgen.sty 1999/11/30 v2.0 generic functions
\@emptytoks=\toks19
\ex@=\dimen143
))
(c:/texlive/2024/texmf-dist/tex/latex/amsmath/amsbsy.sty
Package: amsbsy 1999/11/29 v1.2d Bold Symbols
\pmbraise@=\dimen144
)
(c:/texlive/2024/texmf-dist/tex/latex/amsmath/amsopn.sty
Package: amsopn 2022/04/08 v2.04 operator names
)
\inf@bad=\count198
LaTeX Info: Redefining \frac on input line 234.
\uproot@=\count199
\leftroot@=\count266
LaTeX Info: Redefining \overline on input line 399.
LaTeX Info: Redefining \colon on input line 410.
\classnum@=\count267
\DOTSCASE@=\count268
LaTeX Info: Redefining \ldots on input line 496.
LaTeX Info: Redefining \dots on input line 499.
LaTeX Info: Redefining \cdots on input line 620.
\Mathstrutbox@=\box53
\strutbox@=\box54
LaTeX Info: Redefining \big on input line 722.
LaTeX Info: Redefining \Big on input line 723.
LaTeX Info: Redefining \bigg on input line 724.
LaTeX Info: Redefining \Bigg on input line 725.
\big@size=\dimen145
LaTeX Font Info:    Redeclaring font encoding OML on input line 743.
LaTeX Font Info:    Redeclaring font encoding OMS on input line 744.
\macc@depth=\count269
LaTeX Info: Redefining \bmod on input line 905.
LaTeX Info: Redefining \pmod on input line 910.
LaTeX Info: Redefining \smash on input line 940.
LaTeX Info: Redefining \relbar on input line 970.
LaTeX Info: Redefining \Relbar on input line 971.
\c@MaxMatrixCols=\count270
\dotsspace@=\muskip16
\c@parentequation=\count271
\dspbrk@lvl=\count272
\tag@help=\toks20
\row@=\count273
\column@=\count274
\maxfields@=\count275
\andhelp@=\toks21
\eqnshift@=\dimen146
\alignsep@=\dimen147
\tagshift@=\dimen148
\tagwidth@=\dimen149
\totwidth@=\dimen150
\lineht@=\dimen151
\@envbody=\toks22
\multlinegap=\skip54
\multlinetaggap=\skip55
\mathdisplay@stack=\toks23
LaTeX Info: Redefining \[ on input line 2953.
LaTeX Info: Redefining \] on input line 2954.
)
(c:/texlive/2024/texmf-dist/tex/latex/graphics/graphicx.sty
Package: graphicx 2021/09/16 v1.2d Enhanced LaTeX Graphics (DPC,SPQR)

(c:/texlive/2024/texmf-dist/tex/latex/graphics/keyval.sty
Package: keyval 2022/05/29 v1.15 key=value parser (DPC)
\KV@toks@=\toks24
)
(c:/texlive/2024/texmf-dist/tex/latex/graphics/graphics.sty
Package: graphics 2022/03/10 v1.4e Standard LaTeX Graphics (DPC,SPQR)

(c:/texlive/2024/texmf-dist/tex/latex/graphics/trig.sty
Package: trig 2021/08/11 v1.11 sin cos tan (DPC)
)
(c:/texlive/2024/texmf-dist/tex/latex/graphics-cfg/graphics.cfg
File: graphics.cfg 2016/06/04 v1.11 sample graphics configuration
)
Package graphics Info: Driver file: pdftex.def on input line 107.
)
\Gin@req@height=\dimen152
\Gin@req@width=\dimen153
)
(c:/texlive/2024/texmf-dist/tex/latex/savesym/savesym.sty
Package: savesym 2013/09/02 v1.2 Saves and restores symbols (JG)
)
(c:/texlive/2024/texmf-dist/tex/latex/bbding/bbding.sty
Package: bbding 1999/04/15 v1.01 Dingbats symbols
)
(c:/texlive/2024/texmf-dist/tex/latex/amsrefs/textcmds.sty
Package: textcmds 2012/08/02 v2.00
)
(c:/texlive/2024/texmf-dist/tex/latex/hyperref/hyperref.sty
Package: hyperref 2024-01-20 v7.01h Hypertext links for LaTeX

(c:/texlive/2024/texmf-dist/tex/generic/iftex/iftex.sty
Package: iftex 2022/02/03 v1.0f TeX engine tests
)
(c:/texlive/2024/texmf-dist/tex/latex/kvsetkeys/kvsetkeys.sty
Package: kvsetkeys 2022-10-05 v1.19 Key value parser (HO)
)
(c:/texlive/2024/texmf-dist/tex/generic/kvdefinekeys/kvdefinekeys.sty
Package: kvdefinekeys 2019-12-19 v1.6 Define keys (HO)
)
(c:/texlive/2024/texmf-dist/tex/generic/pdfescape/pdfescape.sty
Package: pdfescape 2019/12/09 v1.15 Implements pdfTeX's escape features (HO)

(c:/texlive/2024/texmf-dist/tex/generic/ltxcmds/ltxcmds.sty
Package: ltxcmds 2023-12-04 v1.26 LaTeX kernel commands for general use (HO)
)
(c:/texlive/2024/texmf-dist/tex/generic/pdftexcmds/pdftexcmds.sty
Package: pdftexcmds 2020-06-27 v0.33 Utility functions of pdfTeX for LuaTeX (HO
)

(c:/texlive/2024/texmf-dist/tex/generic/infwarerr/infwarerr.sty
Package: infwarerr 2019/12/03 v1.5 Providing info/warning/error messages (HO)
)
Package pdftexcmds Info: \pdf@primitive is available.
Package pdftexcmds Info: \pdf@ifprimitive is available.
Package pdftexcmds Info: \pdfdraftmode found.
))
(c:/texlive/2024/texmf-dist/tex/latex/hycolor/hycolor.sty
Package: hycolor 2020-01-27 v1.10 Color options for hyperref/bookmark (HO)
)
(c:/texlive/2024/texmf-dist/tex/latex/auxhook/auxhook.sty
Package: auxhook 2019-12-17 v1.6 Hooks for auxiliary files (HO)
)
(c:/texlive/2024/texmf-dist/tex/latex/hyperref/nameref.sty
Package: nameref 2023-11-26 v2.56 Cross-referencing by name of section

(c:/texlive/2024/texmf-dist/tex/latex/refcount/refcount.sty
Package: refcount 2019/12/15 v3.6 Data extraction from label references (HO)
)
(c:/texlive/2024/texmf-dist/tex/generic/gettitlestring/gettitlestring.sty
Package: gettitlestring 2019/12/15 v1.6 Cleanup title references (HO)

(c:/texlive/2024/texmf-dist/tex/latex/kvoptions/kvoptions.sty
Package: kvoptions 2022-06-15 v3.15 Key value format for package options (HO)
))
\c@section@level=\count276
)
(c:/texlive/2024/texmf-dist/tex/latex/etoolbox/etoolbox.sty
Package: etoolbox 2020/10/05 v2.5k e-TeX tools for LaTeX (JAW)
\etb@tempcnta=\count277
)
\@linkdim=\dimen154
\Hy@linkcounter=\count278
\Hy@pagecounter=\count279

(c:/texlive/2024/texmf-dist/tex/latex/hyperref/pd1enc.def
File: pd1enc.def 2024-01-20 v7.01h Hyperref: PDFDocEncoding definition (HO)
Now handling font encoding PD1 ...
... no UTF-8 mapping file for font encoding PD1
)
(c:/texlive/2024/texmf-dist/tex/generic/intcalc/intcalc.sty
Package: intcalc 2019/12/15 v1.3 Expandable calculations with integers (HO)
)
\Hy@SavedSpaceFactor=\count280

(c:/texlive/2024/texmf-dist/tex/latex/hyperref/puenc.def
File: puenc.def 2024-01-20 v7.01h Hyperref: PDF Unicode definition (HO)
Now handling font encoding PU ...
... no UTF-8 mapping file for font encoding PU
)
Package hyperref Info: Option `colorlinks' set `true' on input line 4062.
Package hyperref Info: Hyper figures OFF on input line 4179.
Package hyperref Info: Link nesting OFF on input line 4184.
Package hyperref Info: Hyper index ON on input line 4187.
Package hyperref Info: Plain pages OFF on input line 4194.
Package hyperref Info: Backreferencing OFF on input line 4199.
Package hyperref Info: Implicit mode ON; LaTeX internals redefined.
Package hyperref Info: Bookmarks ON on input line 4446.
\c@Hy@tempcnt=\count281

(c:/texlive/2024/texmf-dist/tex/latex/url/url.sty
\Urlmuskip=\muskip17
Package: url 2013/09/16  ver 3.4  Verb mode for urls, etc.
)
LaTeX Info: Redefining \url on input line 4784.
\XeTeXLinkMargin=\dimen155

(c:/texlive/2024/texmf-dist/tex/generic/bitset/bitset.sty
Package: bitset 2019/12/09 v1.3 Handle bit-vector datatype (HO)

(c:/texlive/2024/texmf-dist/tex/generic/bigintcalc/bigintcalc.sty
Package: bigintcalc 2019/12/15 v1.5 Expandable calculations on big integers (HO
)
))
\Fld@menulength=\count282
\Field@Width=\dimen156
\Fld@charsize=\dimen157
Package hyperref Info: Hyper figures OFF on input line 6063.
Package hyperref Info: Link nesting OFF on input line 6068.
Package hyperref Info: Hyper index ON on input line 6071.
Package hyperref Info: backreferencing OFF on input line 6078.
Package hyperref Info: Link coloring ON on input line 6081.
Package hyperref Info: Link coloring with OCG OFF on input line 6088.
Package hyperref Info: PDF/A mode OFF on input line 6093.

(c:/texlive/2024/texmf-dist/tex/latex/base/atbegshi-ltx.sty
Package: atbegshi-ltx 2021/01/10 v1.0c Emulation of the original atbegshi
package with kernel methods
)
\Hy@abspage=\count283
\c@Item=\count284
\c@Hfootnote=\count285
)
Package hyperref Info: Driver (autodetected): hpdftex.

(c:/texlive/2024/texmf-dist/tex/latex/hyperref/hpdftex.def
File: hpdftex.def 2024-01-20 v7.01h Hyperref driver for pdfTeX

(c:/texlive/2024/texmf-dist/tex/latex/base/atveryend-ltx.sty
Package: atveryend-ltx 2020/08/19 v1.0a Emulation of the original atveryend pac
kage
with kernel methods
)
\Fld@listcount=\count286
\c@bookmark@seq@number=\count287

(c:/texlive/2024/texmf-dist/tex/latex/rerunfilecheck/rerunfilecheck.sty
Package: rerunfilecheck 2022-07-10 v1.10 Rerun checks for auxiliary files (HO)

(c:/texlive/2024/texmf-dist/tex/generic/uniquecounter/uniquecounter.sty
Package: uniquecounter 2019/12/15 v1.4 Provide unlimited unique counter (HO)
)
Package uniquecounter Info: New unique counter `rerunfilecheck' on input line 2
85.
)
\Hy@SectionHShift=\skip56
)
(c:/texlive/2024/texmf-dist/tex/latex/subfiles/subfiles.sty
Package: subfiles 2020/11/14 v2.2 Multi-file projects (package)
)
(c:/texlive/2024/texmf-dist/tex/latex/vntex/vietnam.sty
Package: vietnam 2009/07/12 v1.3 support for Vietnamese

(c:/texlive/2024/texmf-dist/tex/latex/base/ifthen.sty
Package: ifthen 2022/04/13 v1.1d Standard LaTeX ifthen package (DPC)
)
(c:/texlive/2024/texmf-dist/tex/latex/base/fontenc.sty
Package: fontenc 2021/04/29 v2.0v Standard LaTeX package

(c:/texlive/2024/texmf-dist/tex/latex/vntex/t5enc.def
File: t5enc.def 2006/11/21 v1.4 Vietnamese T5 encoding
Now handling font encoding T5 ...
... processing UTF-8 mapping file for font encoding T5

(c:/texlive/2024/texmf-dist/tex/latex/vntex/t5enc.dfu
File: t5enc.dfu 2006/08/19 v1.1 UTF8 support for Vietnamese
   defining Unicode char U+00AB (decimal 171)
   defining Unicode char U+00BB (decimal 187)
   defining Unicode char U+00C0 (decimal 192)
   defining Unicode char U+00C1 (decimal 193)
   defining Unicode char U+00C2 (decimal 194)
   defining Unicode char U+00C3 (decimal 195)
   defining Unicode char U+00C8 (decimal 200)
   defining Unicode char U+00C9 (decimal 201)
   defining Unicode char U+00CA (decimal 202)
   defining Unicode char U+00CC (decimal 204)
   defining Unicode char U+00CD (decimal 205)
   defining Unicode char U+00D2 (decimal 210)
   defining Unicode char U+00D3 (decimal 211)
   defining Unicode char U+00D4 (decimal 212)
   defining Unicode char U+00D5 (decimal 213)
   defining Unicode char U+00D9 (decimal 217)
   defining Unicode char U+00DA (decimal 218)
   defining Unicode char U+00DD (decimal 221)
   defining Unicode char U+00E0 (decimal 224)
   defining Unicode char U+00E1 (decimal 225)
   defining Unicode char U+00E2 (decimal 226)
   defining Unicode char U+00E3 (decimal 227)
   defining Unicode char U+00E8 (decimal 232)
   defining Unicode char U+00E9 (decimal 233)
   defining Unicode char U+00EA (decimal 234)
   defining Unicode char U+00EC (decimal 236)
   defining Unicode char U+00ED (decimal 237)
   defining Unicode char U+00F2 (decimal 242)
   defining Unicode char U+00F3 (decimal 243)
   defining Unicode char U+00F4 (decimal 244)
   defining Unicode char U+00F5 (decimal 245)
   defining Unicode char U+00F9 (decimal 249)
   defining Unicode char U+00FA (decimal 250)
   defining Unicode char U+00FD (decimal 253)
   defining Unicode char U+0102 (decimal 258)
   defining Unicode char U+0103 (decimal 259)
   defining Unicode char U+0110 (decimal 272)
   defining Unicode char U+0111 (decimal 273)
   defining Unicode char U+0128 (decimal 296)
   defining Unicode char U+0129 (decimal 297)
   defining Unicode char U+0131 (decimal 305)
   defining Unicode char U+0168 (decimal 360)
   defining Unicode char U+0169 (decimal 361)
   defining Unicode char U+01A0 (decimal 416)
   defining Unicode char U+01A1 (decimal 417)
   defining Unicode char U+01AF (decimal 431)
   defining Unicode char U+01B0 (decimal 432)
   defining Unicode char U+1EA0 (decimal 7840)
   defining Unicode char U+1EA1 (decimal 7841)
   defining Unicode char U+1EA2 (decimal 7842)
   defining Unicode char U+1EA3 (decimal 7843)
   defining Unicode char U+1EA4 (decimal 7844)
   defining Unicode char U+1EA5 (decimal 7845)
   defining Unicode char U+1EA6 (decimal 7846)
   defining Unicode char U+1EA7 (decimal 7847)
   defining Unicode char U+1EA8 (decimal 7848)
   defining Unicode char U+1EA9 (decimal 7849)
   defining Unicode char U+1EAA (decimal 7850)
   defining Unicode char U+1EAB (decimal 7851)
   defining Unicode char U+1EAC (decimal 7852)
   defining Unicode char U+1EAD (decimal 7853)
   defining Unicode char U+1EAE (decimal 7854)
   defining Unicode char U+1EAF (decimal 7855)
   defining Unicode char U+1EB0 (decimal 7856)
   defining Unicode char U+1EB1 (decimal 7857)
   defining Unicode char U+1EB2 (decimal 7858)
   defining Unicode char U+1EB3 (decimal 7859)
   defining Unicode char U+1EB4 (decimal 7860)
   defining Unicode char U+1EB5 (decimal 7861)
   defining Unicode char U+1EB6 (decimal 7862)
   defining Unicode char U+1EB7 (decimal 7863)
   defining Unicode char U+1EB8 (decimal 7864)
   defining Unicode char U+1EB9 (decimal 7865)
   defining Unicode char U+1EBA (decimal 7866)
   defining Unicode char U+1EBB (decimal 7867)
   defining Unicode char U+1EBC (decimal 7868)
   defining Unicode char U+1EBD (decimal 7869)
   defining Unicode char U+1EBE (decimal 7870)
   defining Unicode char U+1EBF (decimal 7871)
   defining Unicode char U+1EC0 (decimal 7872)
   defining Unicode char U+1EC1 (decimal 7873)
   defining Unicode char U+1EC2 (decimal 7874)
   defining Unicode char U+1EC3 (decimal 7875)
   defining Unicode char U+1EC4 (decimal 7876)
   defining Unicode char U+1EC5 (decimal 7877)
   defining Unicode char U+1EC6 (decimal 7878)
   defining Unicode char U+1EC7 (decimal 7879)
   defining Unicode char U+1EC8 (decimal 7880)
   defining Unicode char U+1EC9 (decimal 7881)
   defining Unicode char U+1ECA (decimal 7882)
   defining Unicode char U+1ECB (decimal 7883)
   defining Unicode char U+1ECC (decimal 7884)
   defining Unicode char U+1ECD (decimal 7885)
   defining Unicode char U+1ECE (decimal 7886)
   defining Unicode char U+1ECF (decimal 7887)
   defining Unicode char U+1ED0 (decimal 7888)
   defining Unicode char U+1ED1 (decimal 7889)
   defining Unicode char U+1ED2 (decimal 7890)
   defining Unicode char U+1ED3 (decimal 7891)
   defining Unicode char U+1ED4 (decimal 7892)
   defining Unicode char U+1ED5 (decimal 7893)
   defining Unicode char U+1ED6 (decimal 7894)
   defining Unicode char U+1ED7 (decimal 7895)
   defining Unicode char U+1ED8 (decimal 7896)
   defining Unicode char U+1ED9 (decimal 7897)
   defining Unicode char U+1EDA (decimal 7898)
   defining Unicode char U+1EDB (decimal 7899)
   defining Unicode char U+1EDC (decimal 7900)
   defining Unicode char U+1EDD (decimal 7901)
   defining Unicode char U+1EDE (decimal 7902)
   defining Unicode char U+1EDF (decimal 7903)
   defining Unicode char U+1EE0 (decimal 7904)
   defining Unicode char U+1EE1 (decimal 7905)
   defining Unicode char U+1EE2 (decimal 7906)
   defining Unicode char U+1EE3 (decimal 7907)
   defining Unicode char U+1EE4 (decimal 7908)
   defining Unicode char U+1EE5 (decimal 7909)
   defining Unicode char U+1EE6 (decimal 7910)
   defining Unicode char U+1EE7 (decimal 7911)
   defining Unicode char U+1EE8 (decimal 7912)
   defining Unicode char U+1EE9 (decimal 7913)
   defining Unicode char U+1EEA (decimal 7914)
   defining Unicode char U+1EEB (decimal 7915)
   defining Unicode char U+1EEC (decimal 7916)
   defining Unicode char U+1EED (decimal 7917)
   defining Unicode char U+1EEE (decimal 7918)
   defining Unicode char U+1EEF (decimal 7919)
   defining Unicode char U+1EF0 (decimal 7920)
   defining Unicode char U+1EF1 (decimal 7921)
   defining Unicode char U+1EF2 (decimal 7922)
   defining Unicode char U+1EF3 (decimal 7923)
   defining Unicode char U+1EF4 (decimal 7924)
   defining Unicode char U+1EF5 (decimal 7925)
   defining Unicode char U+1EF6 (decimal 7926)
   defining Unicode char U+1EF7 (decimal 7927)
   defining Unicode char U+1EF8 (decimal 7928)
   defining Unicode char U+1EF9 (decimal 7929)
   defining Unicode char U+200C (decimal 8204)
   defining Unicode char U+2013 (decimal 8211)
   defining Unicode char U+2014 (decimal 8212)
   defining Unicode char U+2018 (decimal 8216)
   defining Unicode char U+2019 (decimal 8217)
   defining Unicode char U+201A (decimal 8218)
   defining Unicode char U+201C (decimal 8220)
   defining Unicode char U+201D (decimal 8221)
   defining Unicode char U+201E (decimal 8222)
   defining Unicode char U+2030 (decimal 8240)
   defining Unicode char U+2031 (decimal 8241)
   defining Unicode char U+2039 (decimal 8249)
   defining Unicode char U+203A (decimal 8250)
   defining Unicode char U+2423 (decimal 9251)
))
LaTeX Font Info:    Trying to load font information for T5+cmr on input line 11
2.

(c:/texlive/2024/texmf-dist/tex/latex/vntex/t5cmr.fd
File: t5cmr.fd 1999/05/25 v2.5h Standard LaTeX font definitions
))
(c:/texlive/2024/texmf-dist/tex/latex/base/inputenc.sty
Package: inputenc 2021/02/14 v1.3d Input encoding file
\inpenc@prehook=\toks25
\inpenc@posthook=\toks26
)
(c:/texlive/2024/texmf-dist/tex/latex/vntex/vncaps.tex
File: vncaps.tex 2006/06/07 v1.1 Captions in Vietnamese
))
(c:/texlive/2024/texmf-dist/tex/latex/psnfss/pifont.sty
Package: pifont 2020/03/25 PSNFSS-v9.3 Pi font support (SPQR) 
LaTeX Font Info:    Trying to load font information for U+pzd on input line 63.


(c:/texlive/2024/texmf-dist/tex/latex/psnfss/upzd.fd
File: upzd.fd 2001/06/04 font definitions for U/pzd.
)
LaTeX Font Info:    Trying to load font information for U+psy on input line 64.


(c:/texlive/2024/texmf-dist/tex/latex/psnfss/upsy.fd
File: upsy.fd 2001/06/04 font definitions for U/psy.
))
(c:/texlive/2024/texmf-dist/tex/latex/oplotsymbl/oplotsymbl.sty
(c:/texlive/2024/texmf-dist/tex/latex/pgf/frontendlayer/tikz.sty
(c:/texlive/2024/texmf-dist/tex/latex/pgf/basiclayer/pgf.sty
(c:/texlive/2024/texmf-dist/tex/latex/pgf/utilities/pgfrcs.sty
(c:/texlive/2024/texmf-dist/tex/generic/pgf/utilities/pgfutil-common.tex
\pgfutil@everybye=\toks27
\pgfutil@tempdima=\dimen158
\pgfutil@tempdimb=\dimen159
)
(c:/texlive/2024/texmf-dist/tex/generic/pgf/utilities/pgfutil-latex.def
\pgfutil@abb=\box55
)
(c:/texlive/2024/texmf-dist/tex/generic/pgf/utilities/pgfrcs.code.tex
(c:/texlive/2024/texmf-dist/tex/generic/pgf/pgf.revision.tex)
Package: pgfrcs 2023-01-15 v3.1.10 (3.1.10)
))
Package: pgf 2023-01-15 v3.1.10 (3.1.10)

(c:/texlive/2024/texmf-dist/tex/latex/pgf/basiclayer/pgfcore.sty
(c:/texlive/2024/texmf-dist/tex/latex/pgf/systemlayer/pgfsys.sty
(c:/texlive/2024/texmf-dist/tex/generic/pgf/systemlayer/pgfsys.code.tex
Package: pgfsys 2023-01-15 v3.1.10 (3.1.10)

(c:/texlive/2024/texmf-dist/tex/generic/pgf/utilities/pgfkeys.code.tex
\pgfkeys@pathtoks=\toks28
\pgfkeys@temptoks=\toks29

(c:/texlive/2024/texmf-dist/tex/generic/pgf/utilities/pgfkeyslibraryfiltered.co
de.tex
\pgfkeys@tmptoks=\toks30
))
\pgf@x=\dimen160
\pgf@y=\dimen161
\pgf@xa=\dimen162
\pgf@ya=\dimen163
\pgf@xb=\dimen164
\pgf@yb=\dimen165
\pgf@xc=\dimen166
\pgf@yc=\dimen167
\pgf@xd=\dimen168
\pgf@yd=\dimen169
\w@pgf@writea=\write3
\r@pgf@reada=\read2
\c@pgf@counta=\count288
\c@pgf@countb=\count289
\c@pgf@countc=\count290
\c@pgf@countd=\count291
\t@pgf@toka=\toks31
\t@pgf@tokb=\toks32
\t@pgf@tokc=\toks33
\pgf@sys@id@count=\count292
 (c:/texlive/2024/texmf-dist/tex/generic/pgf/systemlayer/pgf.cfg
File: pgf.cfg 2023-01-15 v3.1.10 (3.1.10)
)
Driver file for pgf: pgfsys-pdftex.def

(c:/texlive/2024/texmf-dist/tex/generic/pgf/systemlayer/pgfsys-pdftex.def
File: pgfsys-pdftex.def 2023-01-15 v3.1.10 (3.1.10)

(c:/texlive/2024/texmf-dist/tex/generic/pgf/systemlayer/pgfsys-common-pdf.def
File: pgfsys-common-pdf.def 2023-01-15 v3.1.10 (3.1.10)
)))
(c:/texlive/2024/texmf-dist/tex/generic/pgf/systemlayer/pgfsyssoftpath.code.tex
File: pgfsyssoftpath.code.tex 2023-01-15 v3.1.10 (3.1.10)
\pgfsyssoftpath@smallbuffer@items=\count293
\pgfsyssoftpath@bigbuffer@items=\count294
)
(c:/texlive/2024/texmf-dist/tex/generic/pgf/systemlayer/pgfsysprotocol.code.tex
File: pgfsysprotocol.code.tex 2023-01-15 v3.1.10 (3.1.10)
)) (c:/texlive/2024/texmf-dist/tex/generic/pgf/basiclayer/pgfcore.code.tex
Package: pgfcore 2023-01-15 v3.1.10 (3.1.10)

(c:/texlive/2024/texmf-dist/tex/generic/pgf/math/pgfmath.code.tex
(c:/texlive/2024/texmf-dist/tex/generic/pgf/math/pgfmathutil.code.tex)
(c:/texlive/2024/texmf-dist/tex/generic/pgf/math/pgfmathparser.code.tex
\pgfmath@dimen=\dimen170
\pgfmath@count=\count295
\pgfmath@box=\box56
\pgfmath@toks=\toks34
\pgfmath@stack@operand=\toks35
\pgfmath@stack@operation=\toks36
)
(c:/texlive/2024/texmf-dist/tex/generic/pgf/math/pgfmathfunctions.code.tex)
(c:/texlive/2024/texmf-dist/tex/generic/pgf/math/pgfmathfunctions.basic.code.te
x)
(c:/texlive/2024/texmf-dist/tex/generic/pgf/math/pgfmathfunctions.trigonometric
.code.tex)
(c:/texlive/2024/texmf-dist/tex/generic/pgf/math/pgfmathfunctions.random.code.t
ex)
(c:/texlive/2024/texmf-dist/tex/generic/pgf/math/pgfmathfunctions.comparison.co
de.tex)
(c:/texlive/2024/texmf-dist/tex/generic/pgf/math/pgfmathfunctions.base.code.tex
)
(c:/texlive/2024/texmf-dist/tex/generic/pgf/math/pgfmathfunctions.round.code.te
x)
(c:/texlive/2024/texmf-dist/tex/generic/pgf/math/pgfmathfunctions.misc.code.tex
)
(c:/texlive/2024/texmf-dist/tex/generic/pgf/math/pgfmathfunctions.integerarithm
etics.code.tex)
(c:/texlive/2024/texmf-dist/tex/generic/pgf/math/pgfmathcalc.code.tex)
(c:/texlive/2024/texmf-dist/tex/generic/pgf/math/pgfmathfloat.code.tex
\c@pgfmathroundto@lastzeros=\count296
))
(c:/texlive/2024/texmf-dist/tex/generic/pgf/math/pgfint.code.tex)
(c:/texlive/2024/texmf-dist/tex/generic/pgf/basiclayer/pgfcorepoints.code.tex
File: pgfcorepoints.code.tex 2023-01-15 v3.1.10 (3.1.10)
\pgf@picminx=\dimen171
\pgf@picmaxx=\dimen172
\pgf@picminy=\dimen173
\pgf@picmaxy=\dimen174
\pgf@pathminx=\dimen175
\pgf@pathmaxx=\dimen176
\pgf@pathminy=\dimen177
\pgf@pathmaxy=\dimen178
\pgf@xx=\dimen179
\pgf@xy=\dimen180
\pgf@yx=\dimen181
\pgf@yy=\dimen182
\pgf@zx=\dimen183
\pgf@zy=\dimen184
)
(c:/texlive/2024/texmf-dist/tex/generic/pgf/basiclayer/pgfcorepathconstruct.cod
e.tex
File: pgfcorepathconstruct.code.tex 2023-01-15 v3.1.10 (3.1.10)
\pgf@path@lastx=\dimen185
\pgf@path@lasty=\dimen186
)
(c:/texlive/2024/texmf-dist/tex/generic/pgf/basiclayer/pgfcorepathusage.code.te
x
File: pgfcorepathusage.code.tex 2023-01-15 v3.1.10 (3.1.10)
\pgf@shorten@end@additional=\dimen187
\pgf@shorten@start@additional=\dimen188
)
(c:/texlive/2024/texmf-dist/tex/generic/pgf/basiclayer/pgfcorescopes.code.tex
File: pgfcorescopes.code.tex 2023-01-15 v3.1.10 (3.1.10)
\pgfpic=\box57
\pgf@hbox=\box58
\pgf@layerbox@main=\box59
\pgf@picture@serial@count=\count297
)
(c:/texlive/2024/texmf-dist/tex/generic/pgf/basiclayer/pgfcoregraphicstate.code
.tex
File: pgfcoregraphicstate.code.tex 2023-01-15 v3.1.10 (3.1.10)
\pgflinewidth=\dimen189
)
(c:/texlive/2024/texmf-dist/tex/generic/pgf/basiclayer/pgfcoretransformations.c
ode.tex
File: pgfcoretransformations.code.tex 2023-01-15 v3.1.10 (3.1.10)
\pgf@pt@x=\dimen190
\pgf@pt@y=\dimen191
\pgf@pt@temp=\dimen192
)
(c:/texlive/2024/texmf-dist/tex/generic/pgf/basiclayer/pgfcorequick.code.tex
File: pgfcorequick.code.tex 2023-01-15 v3.1.10 (3.1.10)
)
(c:/texlive/2024/texmf-dist/tex/generic/pgf/basiclayer/pgfcoreobjects.code.tex
File: pgfcoreobjects.code.tex 2023-01-15 v3.1.10 (3.1.10)
)
(c:/texlive/2024/texmf-dist/tex/generic/pgf/basiclayer/pgfcorepathprocessing.co
de.tex
File: pgfcorepathprocessing.code.tex 2023-01-15 v3.1.10 (3.1.10)
)
(c:/texlive/2024/texmf-dist/tex/generic/pgf/basiclayer/pgfcorearrows.code.tex
File: pgfcorearrows.code.tex 2023-01-15 v3.1.10 (3.1.10)
\pgfarrowsep=\dimen193
)
(c:/texlive/2024/texmf-dist/tex/generic/pgf/basiclayer/pgfcoreshade.code.tex
File: pgfcoreshade.code.tex 2023-01-15 v3.1.10 (3.1.10)
\pgf@max=\dimen194
\pgf@sys@shading@range@num=\count298
\pgf@shadingcount=\count299
)
(c:/texlive/2024/texmf-dist/tex/generic/pgf/basiclayer/pgfcoreimage.code.tex
File: pgfcoreimage.code.tex 2023-01-15 v3.1.10 (3.1.10)
)
(c:/texlive/2024/texmf-dist/tex/generic/pgf/basiclayer/pgfcoreexternal.code.tex
File: pgfcoreexternal.code.tex 2023-01-15 v3.1.10 (3.1.10)
\pgfexternal@startupbox=\box60
) (c:/texlive/2024/texmf-dist/tex/generic/pgf/basiclayer/pgfcorelayers.code.tex
File: pgfcorelayers.code.tex 2023-01-15 v3.1.10 (3.1.10)
)
(c:/texlive/2024/texmf-dist/tex/generic/pgf/basiclayer/pgfcoretransparency.code
.tex
File: pgfcoretransparency.code.tex 2023-01-15 v3.1.10 (3.1.10)
)
(c:/texlive/2024/texmf-dist/tex/generic/pgf/basiclayer/pgfcorepatterns.code.tex
File: pgfcorepatterns.code.tex 2023-01-15 v3.1.10 (3.1.10)
) (c:/texlive/2024/texmf-dist/tex/generic/pgf/basiclayer/pgfcorerdf.code.tex
File: pgfcorerdf.code.tex 2023-01-15 v3.1.10 (3.1.10)
))) (c:/texlive/2024/texmf-dist/tex/generic/pgf/modules/pgfmoduleshapes.code.te
x
File: pgfmoduleshapes.code.tex 2023-01-15 v3.1.10 (3.1.10)
\pgfnodeparttextbox=\box61
)
(c:/texlive/2024/texmf-dist/tex/generic/pgf/modules/pgfmoduleplot.code.tex
File: pgfmoduleplot.code.tex 2023-01-15 v3.1.10 (3.1.10)
)
(c:/texlive/2024/texmf-dist/tex/latex/pgf/compatibility/pgfcomp-version-0-65.st
y
Package: pgfcomp-version-0-65 2023-01-15 v3.1.10 (3.1.10)
\pgf@nodesepstart=\dimen195
\pgf@nodesepend=\dimen196
)
(c:/texlive/2024/texmf-dist/tex/latex/pgf/compatibility/pgfcomp-version-1-18.st
y
Package: pgfcomp-version-1-18 2023-01-15 v3.1.10 (3.1.10)
)) (c:/texlive/2024/texmf-dist/tex/latex/pgf/utilities/pgffor.sty
(c:/texlive/2024/texmf-dist/tex/latex/pgf/utilities/pgfkeys.sty
(c:/texlive/2024/texmf-dist/tex/generic/pgf/utilities/pgfkeys.code.tex))
(c:/texlive/2024/texmf-dist/tex/latex/pgf/math/pgfmath.sty
(c:/texlive/2024/texmf-dist/tex/generic/pgf/math/pgfmath.code.tex))
(c:/texlive/2024/texmf-dist/tex/generic/pgf/utilities/pgffor.code.tex
Package: pgffor 2023-01-15 v3.1.10 (3.1.10)
\pgffor@iter=\dimen197
\pgffor@skip=\dimen198
\pgffor@stack=\toks37
\pgffor@toks=\toks38
))
(c:/texlive/2024/texmf-dist/tex/generic/pgf/frontendlayer/tikz/tikz.code.tex
Package: tikz 2023-01-15 v3.1.10 (3.1.10)

(c:/texlive/2024/texmf-dist/tex/generic/pgf/libraries/pgflibraryplothandlers.co
de.tex
File: pgflibraryplothandlers.code.tex 2023-01-15 v3.1.10 (3.1.10)
\pgf@plot@mark@count=\count300
\pgfplotmarksize=\dimen199
)
\tikz@lastx=\dimen256
\tikz@lasty=\dimen257
\tikz@lastxsaved=\dimen258
\tikz@lastysaved=\dimen259
\tikz@lastmovetox=\dimen260
\tikz@lastmovetoy=\dimen261
\tikzleveldistance=\dimen262
\tikzsiblingdistance=\dimen263
\tikz@figbox=\box62
\tikz@figbox@bg=\box63
\tikz@tempbox=\box64
\tikz@tempbox@bg=\box65
\tikztreelevel=\count301
\tikznumberofchildren=\count302
\tikznumberofcurrentchild=\count303
\tikz@fig@count=\count304

(c:/texlive/2024/texmf-dist/tex/generic/pgf/modules/pgfmodulematrix.code.tex
File: pgfmodulematrix.code.tex 2023-01-15 v3.1.10 (3.1.10)
\pgfmatrixcurrentrow=\count305
\pgfmatrixcurrentcolumn=\count306
\pgf@matrix@numberofcolumns=\count307
)
\tikz@expandcount=\count308

(c:/texlive/2024/texmf-dist/tex/generic/pgf/frontendlayer/tikz/libraries/tikzli
brarytopaths.code.tex
File: tikzlibrarytopaths.code.tex 2023-01-15 v3.1.10 (3.1.10)
)))
Package: oplotsymbl 2017/08/04 Symbols, that are used in plots
)
(c:/texlive/2024/texmf-dist/tex/latex/marvosym/marvosym.sty
Package: marvosym 2011/07/20 v2.2 Martin Vogel's Symbols font definitions
)
(c:/texlive/2024/texmf-dist/tex/latex/fontawesome/fontawesome.sty
Package: fontawesome 2016/05/15 v4.6.3.1 font awesome icons

(c:/texlive/2024/texmf-dist/tex/generic/iftex/ifxetex.sty
Package: ifxetex 2019/10/25 v0.7 ifxetex legacy package. Use iftex instead.
)
(c:/texlive/2024/texmf-dist/tex/generic/iftex/ifluatex.sty
Package: ifluatex 2019/10/25 v1.5 ifluatex legacy package. Use iftex instead.
)
(c:/texlive/2024/texmf-dist/tex/latex/fontawesome/fontawesomesymbols-generic.te
x)
(c:/texlive/2024/texmf-dist/tex/latex/fontawesome/fontawesomesymbols-pdftex.tex
)) (c:/texlive/2024/texmf-dist/tex/latex/miama/miama.sty
Package: miama 2019/06/18 v1.1 class to use the typeface Miama Nueva

(c:/texlive/2024/texmf-dist/tex/latex/xkeyval/xkeyval.sty
Package: xkeyval 2022/06/16 v2.9 package option processing (HA)

(c:/texlive/2024/texmf-dist/tex/generic/xkeyval/xkeyval.tex
(c:/texlive/2024/texmf-dist/tex/generic/xkeyval/xkvutils.tex
\XKV@toks=\toks39
\XKV@tempa@toks=\toks40
)
\XKV@depth=\count309
File: xkeyval.tex 2014/12/03 v2.7a key=value parser (HA)
)))
(c:/texlive/2024/texmf-dist/tex/latex/pdfpages/pdfpages.sty
Package: pdfpages 2024/01/21 v0.5y Insert pages of external PDF documents (AM)

(c:/texlive/2024/texmf-dist/tex/latex/tools/calc.sty
Package: calc 2023/07/08 v4.3 Infix arithmetic (KKT,FJ)
\calc@Acount=\count310
\calc@Bcount=\count311
\calc@Adimen=\dimen264
\calc@Bdimen=\dimen265
\calc@Askip=\skip57
\calc@Bskip=\skip58
LaTeX Info: Redefining \setlength on input line 80.
LaTeX Info: Redefining \addtolength on input line 81.
\calc@Ccount=\count312
\calc@Cskip=\skip59
)
(c:/texlive/2024/texmf-dist/tex/latex/eso-pic/eso-pic.sty
Package: eso-pic 2023/05/03 v3.0c eso-pic (RN)
\ESO@tempdima=\dimen266
\ESO@tempdimb=\dimen267
)
\AM@pagewidth=\dimen268
\AM@pageheight=\dimen269
\AM@fboxrule=\dimen270

(c:/texlive/2024/texmf-dist/tex/latex/pdfpages/pppdftex.def
File: pppdftex.def 2024/01/21 v0.5y Pdfpages driver for pdfTeX (AM)
)
\pdfpages@includegraphics@status=\count313
\AM@pagebox=\box66
\AM@global@opts=\toks41
\AM@pagecnt=\count314
\AM@toc@title=\toks42
\AM@lof@heading=\toks43
\c@AM@survey=\count315
\AM@templatesizebox=\box67
)
(c:/texlive/2024/texmf-dist/tex/latex/tikz-3dplot/tikz-3dplot.sty
(c:/texlive/2024/texmf-dist/tex/generic/pgf/frontendlayer/tikz/libraries/tikzli
brarycalc.code.tex
File: tikzlibrarycalc.code.tex 2023-01-15 v3.1.10 (3.1.10)
)
(c:/texlive/2024/texmf-dist/tex/generic/pgf/frontendlayer/tikz/libraries/tikzli
brary3d.code.tex
File: tikzlibrary3d.code.tex 2023-01-15 v3.1.10 (3.1.10)
)
(c:/texlive/2024/texmf-dist/tex/generic/pgf/frontendlayer/tikz/libraries/tikzli
braryarrows.code.tex
File: tikzlibraryarrows.code.tex 2023-01-15 v3.1.10 (3.1.10)

(c:/texlive/2024/texmf-dist/tex/generic/pgf/libraries/pgflibraryarrows.code.tex
File: pgflibraryarrows.code.tex 2023-01-15 v3.1.10 (3.1.10)
\arrowsize=\dimen271
))) (c:/texlive/2024/texmf-dist/tex/latex/pgfplots/pgfplots.sty
(c:/texlive/2024/texmf-dist/tex/generic/pgfplots/pgfplots.revision.tex)
Package: pgfplots 2021/05/15 v1.18.1 Data Visualization (1.18.1)

(c:/texlive/2024/texmf-dist/tex/generic/pgfplots/pgfplots.code.tex
(c:/texlive/2024/texmf-dist/tex/generic/pgfplots/pgfplotscore.code.tex
\t@pgfplots@toka=\toks44
\t@pgfplots@tokb=\toks45
\t@pgfplots@tokc=\toks46
\pgfplots@tmpa=\dimen272
\c@pgfplots@coordindex=\count316
\c@pgfplots@scanlineindex=\count317

(c:/texlive/2024/texmf-dist/tex/generic/pgfplots/sys/pgfplotssysgeneric.code.te
x))
(c:/texlive/2024/texmf-dist/tex/generic/pgfplots/libs/pgfplotslibrary.code.tex)

(c:/texlive/2024/texmf-dist/tex/generic/pgfplots/oldpgfcompatib/pgfplotsoldpgfs
upp_loader.code.tex
(c:/texlive/2024/texmf-dist/tex/generic/pgf/libraries/pgflibraryfpu.code.tex)
Package pgfplots: loading complementary utilities for your pgf version...
\t@pgf@toka=\toks47
\t@pgf@tokb=\toks48
\t@pgf@tokc=\toks49

(c:/texlive/2024/texmf-dist/tex/generic/pgfplots/oldpgfcompatib/pgfplotsoldpgfs
upp_pgfutil-common-lists.tex))
(c:/texlive/2024/texmf-dist/tex/generic/pgfplots/util/pgfplotsutil.code.tex
(c:/texlive/2024/texmf-dist/tex/generic/pgfplots/liststructure/pgfplotsliststru
cture.code.tex)
(c:/texlive/2024/texmf-dist/tex/generic/pgfplots/liststructure/pgfplotsliststru
ctureext.code.tex)
(c:/texlive/2024/texmf-dist/tex/generic/pgfplots/liststructure/pgfplotsarray.co
de.tex
\c@pgfplotsarray@tmp=\count318
)
(c:/texlive/2024/texmf-dist/tex/generic/pgfplots/liststructure/pgfplotsmatrix.c
ode.tex)
(c:/texlive/2024/texmf-dist/tex/generic/pgfplots/numtable/pgfplotstableshared.c
ode.tex
\c@pgfplotstable@counta=\count319
\t@pgfplotstable@a=\toks50
)
(c:/texlive/2024/texmf-dist/tex/generic/pgfplots/liststructure/pgfplotsdeque.co
de.tex)
(c:/texlive/2024/texmf-dist/tex/generic/pgfplots/util/pgfplotsbinary.code.tex
(c:/texlive/2024/texmf-dist/tex/generic/pgfplots/util/pgfplotsbinary.data.code.
tex))
(c:/texlive/2024/texmf-dist/tex/generic/pgfplots/util/pgfplotsutil.verb.code.te
x)
(c:/texlive/2024/texmf-dist/tex/generic/pgfplots/libs/pgflibrarypgfplots.surfsh
ading.code.tex
\c@pgfplotslibrarysurf@no=\count320

(c:/texlive/2024/texmf-dist/tex/generic/pgfplots/sys/pgflibrarypgfplots.surfsha
ding.pgfsys-pdftex.def)))
(c:/texlive/2024/texmf-dist/tex/generic/pgfplots/util/pgfplotscolormap.code.tex
(c:/texlive/2024/texmf-dist/tex/generic/pgfplots/util/pgfplotscolor.code.tex))
(c:/texlive/2024/texmf-dist/tex/generic/pgfplots/pgfplotsstackedplots.code.tex)
(c:/texlive/2024/texmf-dist/tex/generic/pgfplots/pgfplotsplothandlers.code.tex
(c:/texlive/2024/texmf-dist/tex/generic/pgfplots/pgfplotsmeshplothandler.code.t
ex
(c:/texlive/2024/texmf-dist/tex/generic/pgfplots/pgfplotsmeshplotimage.code.tex
))) (c:/texlive/2024/texmf-dist/tex/generic/pgfplots/pgfplots.scaling.code.tex)

(c:/texlive/2024/texmf-dist/tex/generic/pgfplots/pgfplotscoordprocessing.code.t
ex)
(c:/texlive/2024/texmf-dist/tex/generic/pgfplots/pgfplots.errorbars.code.tex)
(c:/texlive/2024/texmf-dist/tex/generic/pgfplots/pgfplots.markers.code.tex)
(c:/texlive/2024/texmf-dist/tex/generic/pgfplots/pgfplotsticks.code.tex)
(c:/texlive/2024/texmf-dist/tex/generic/pgfplots/pgfplots.paths.code.tex)
(c:/texlive/2024/texmf-dist/tex/generic/pgf/frontendlayer/tikz/libraries/tikzli
brarydecorations.code.tex
(c:/texlive/2024/texmf-dist/tex/generic/pgf/modules/pgfmoduledecorations.code.t
ex
\pgfdecoratedcompleteddistance=\dimen273
\pgfdecoratedremainingdistance=\dimen274
\pgfdecoratedinputsegmentcompleteddistance=\dimen275
\pgfdecoratedinputsegmentremainingdistance=\dimen276
\pgf@decorate@distancetomove=\dimen277
\pgf@decorate@repeatstate=\count321
\pgfdecorationsegmentamplitude=\dimen278
\pgfdecorationsegmentlength=\dimen279
)
\tikz@lib@dec@box=\box68
)
(c:/texlive/2024/texmf-dist/tex/generic/pgf/frontendlayer/tikz/libraries/tikzli
brarydecorations.pathmorphing.code.tex
(c:/texlive/2024/texmf-dist/tex/generic/pgf/libraries/decorations/pgflibrarydec
orations.pathmorphing.code.tex))
(c:/texlive/2024/texmf-dist/tex/generic/pgf/frontendlayer/tikz/libraries/tikzli
brarydecorations.pathreplacing.code.tex
(c:/texlive/2024/texmf-dist/tex/generic/pgf/libraries/decorations/pgflibrarydec
orations.pathreplacing.code.tex))
(c:/texlive/2024/texmf-dist/tex/generic/pgfplots/libs/tikzlibrarypgfplots.conto
urlua.code.tex)
\pgfplots@numplots=\count322
\pgfplots@xmin@reg=\dimen280
\pgfplots@xmax@reg=\dimen281
\pgfplots@ymin@reg=\dimen282
\pgfplots@ymax@reg=\dimen283
\pgfplots@zmin@reg=\dimen284
\pgfplots@zmax@reg=\dimen285
)
(c:/texlive/2024/texmf-dist/tex/generic/pgf/frontendlayer/tikz/libraries/tikzli
braryplotmarks.code.tex
File: tikzlibraryplotmarks.code.tex 2023-01-15 v3.1.10 (3.1.10)

(c:/texlive/2024/texmf-dist/tex/generic/pgf/libraries/pgflibraryplotmarks.code.
tex
File: pgflibraryplotmarks.code.tex 2023-01-15 v3.1.10 (3.1.10)
))) (c:/texlive/2024/texmf-dist/tex/latex/pgf-pie/pgf-pie.sty
Package: pgf-pie 2022/06/14 v0.7 Some LaTeX macros for pie chart by using PGF/T
ikz package.

(c:/texlive/2024/texmf-dist/tex/latex/pgf-pie/tikzlibrarypie.code.tex
(c:/texlive/2024/texmf-dist/tex/latex/carlisle/scalefnt.sty)
\pgfpie@angleEnd=\dimen286
\pgfpie@explodeLength=\count323
\pgfpie@colorLength=\count324
\pgfpie@sliceLength=\count325
))
(c:/texlive/2024/texmf-dist/tex/generic/pgfplots/libs/tikzlibrarypgfplots.fillb
etween.code.tex
(c:/texlive/2024/texmf-dist/tex/generic/pgfplots/pgfcontrib/tikzlibraryfillbetw
een.code.tex
(c:/texlive/2024/texmf-dist/tex/generic/pgf/frontendlayer/tikz/libraries/tikzli
braryintersections.code.tex
(c:/texlive/2024/texmf-dist/tex/generic/pgf/libraries/pgflibraryintersections.c
ode.tex
\pgf@intersect@solutions=\count326
))
(c:/texlive/2024/texmf-dist/tex/generic/pgfplots/pgfcontrib/tikzlibrarydecorati
ons.softclip.code.tex
(c:/texlive/2024/texmf-dist/tex/generic/pgfplots/pgfcontrib/pgflibraryfillbetwe
en.code.tex)))
(c:/texlive/2024/texmf-dist/tex/generic/pgfplots/libs/tikzlibrarypgfplots.decor
ations.softclip.code.tex))
(c:/texlive/2024/texmf-dist/tex/latex/yhmath/yhmath.sty
Package: yhmath 2020/03/17 v1.6
\symyhlargesymbols=\mathgroup4
LaTeX Font Info:    Redeclaring math accent \widetilde on input line 29.
LaTeX Font Info:    Redeclaring math accent \widehat on input line 30.
LaTeX Font Info:    Redeclaring math symbol \braceld on input line 48.
LaTeX Font Info:    Redeclaring math symbol \bracerd on input line 49.
LaTeX Font Info:    Redeclaring math symbol \bracelu on input line 50.
LaTeX Font Info:    Redeclaring math symbol \braceru on input line 51.
LaTeX Font Info:    Redeclaring math delimiter \lmoustache on input line 53.
LaTeX Font Info:    Redeclaring math delimiter \rmoustache on input line 55.
LaTeX Font Info:    Redeclaring math delimiter \arrowvert on input line 57.
LaTeX Font Info:    Redeclaring math delimiter \Arrowvert on input line 59.
LaTeX Font Info:    Redeclaring math delimiter \Vert on input line 61.
LaTeX Font Info:    Redeclaring math delimiter \vert on input line 63.
LaTeX Font Info:    Redeclaring math delimiter \uparrow on input line 65.
LaTeX Font Info:    Redeclaring math delimiter \downarrow on input line 67.
LaTeX Font Info:    Redeclaring math delimiter \updownarrow on input line 69.
LaTeX Font Info:    Redeclaring math delimiter \Uparrow on input line 71.
LaTeX Font Info:    Redeclaring math delimiter \Downarrow on input line 73.
LaTeX Font Info:    Redeclaring math delimiter \Updownarrow on input line 75.
LaTeX Font Info:    Redeclaring math delimiter \backslash on input line 79.
LaTeX Font Info:    Redeclaring math delimiter \rangle on input line 81.
LaTeX Font Info:    Redeclaring math delimiter \langle on input line 83.
LaTeX Font Info:    Redeclaring math delimiter \rbrace on input line 85.
LaTeX Font Info:    Redeclaring math delimiter \lbrace on input line 87.
LaTeX Font Info:    Redeclaring math delimiter \rceil on input line 89.
LaTeX Font Info:    Redeclaring math delimiter \lceil on input line 91.
LaTeX Font Info:    Redeclaring math delimiter \rfloor on input line 93.
LaTeX Font Info:    Redeclaring math delimiter \lfloor on input line 95.
LaTeX Font Info:    Redeclaring math delimiter \lgroup on input line 97.
LaTeX Font Info:    Redeclaring math delimiter \rgroup on input line 99.
LaTeX Font Info:    Redeclaring math delimiter \bracevert on input line 101.
)
(c:/texlive/2024/texmf-dist/tex/latex/tkz-euclide/tkz-euclide.sty
2024/02/04 5.06c tkz-euclide.sty
Package: tkz-euclide  2024/02/04 5.06c for pure Euclidean Geometry 

(c:/texlive/2024/texmf-dist/tex/generic/pgf/frontendlayer/tikz/libraries/tikzli
braryangles.code.tex
File: tikzlibraryangles.code.tex 2023-01-15 v3.1.10 (3.1.10)
)
(c:/texlive/2024/texmf-dist/tex/generic/pgf/libraries/pgflibraryarrows.meta.cod
e.tex
File: pgflibraryarrows.meta.code.tex 2023-01-15 v3.1.10 (3.1.10)
\pgfarrowinset=\dimen287
\pgfarrowlength=\dimen288
\pgfarrowwidth=\dimen289
\pgfarrowlinewidth=\dimen290
)
(c:/texlive/2024/texmf-dist/tex/generic/pgf/frontendlayer/tikz/libraries/tikzli
brarybackgrounds.code.tex
File: tikzlibrarybackgrounds.code.tex 2023-01-15 v3.1.10 (3.1.10)
\pgf@layerbox@background=\box69
\pgf@layerboxsaved@background=\box70
)
(c:/texlive/2024/texmf-dist/tex/generic/pgf/frontendlayer/tikz/libraries/tikzli
brarydecorations.markings.code.tex
(c:/texlive/2024/texmf-dist/tex/generic/pgf/libraries/decorations/pgflibrarydec
orations.markings.code.tex))
(c:/texlive/2024/texmf-dist/tex/generic/pgf/frontendlayer/tikz/libraries/tikzli
brarydecorations.shapes.code.tex
(c:/texlive/2024/texmf-dist/tex/generic/pgf/libraries/decorations/pgflibrarydec
orations.shapes.code.tex))
(c:/texlive/2024/texmf-dist/tex/generic/pgf/frontendlayer/tikz/libraries/tikzli
brarydecorations.text.code.tex
(c:/texlive/2024/texmf-dist/tex/generic/pgf/libraries/decorations/pgflibrarydec
orations.text.code.tex
\pgf@lib@dec@text@box=\box71
)
\tikz@lib@dec@te@box=\box72
)
(c:/texlive/2024/texmf-dist/tex/generic/pgf/frontendlayer/tikz/libraries/tikzli
brarymath.code.tex
(c:/texlive/2024/texmf-dist/tex/generic/pgf/frontendlayer/tikz/libraries/tikzli
braryfpu.code.tex)
\tikz@math@for@depth=\count327
\tikz@math@dimen=\dimen291
\tikz@math@toks=\toks51
)
(c:/texlive/2024/texmf-dist/tex/generic/pgf/frontendlayer/tikz/libraries/tikzli
brarypositioning.code.tex
File: tikzlibrarypositioning.code.tex 2023-01-15 v3.1.10 (3.1.10)
)
(c:/texlive/2024/texmf-dist/tex/generic/pgf/frontendlayer/tikz/libraries/tikzli
braryquotes.code.tex
File: tikzlibraryquotes.code.tex 2023-01-15 v3.1.10 (3.1.10)
)
(c:/texlive/2024/texmf-dist/tex/generic/pgf/frontendlayer/tikz/libraries/tikzli
braryshapes.misc.code.tex
File: tikzlibraryshapes.misc.code.tex 2023-01-15 v3.1.10 (3.1.10)

(c:/texlive/2024/texmf-dist/tex/generic/pgf/libraries/shapes/pgflibraryshapes.m
isc.code.tex
File: pgflibraryshapes.misc.code.tex 2023-01-15 v3.1.10 (3.1.10)
))
(c:/texlive/2024/texmf-dist/tex/generic/pgf/frontendlayer/tikz/libraries/tikzli
brarythrough.code.tex
File: tikzlibrarythrough.code.tex 2023-01-15 v3.1.10 (3.1.10)
)
(c:/texlive/2024/texmf-dist/tex/latex/l3packages/xfp/xfp.sty
(c:/texlive/2024/texmf-dist/tex/latex/l3kernel/expl3.sty
Package: expl3 2024-02-20 L3 programming layer (loader) 

(c:/texlive/2024/texmf-dist/tex/latex/l3backend/l3backend-pdftex.def
File: l3backend-pdftex.def 2024-02-20 L3 backend support: PDF output (pdfTeX)
\l__color_backend_stack_int=\count328
\l__pdf_internal_box=\box73
))
Package: xfp 2024-02-18 L3 Floating point unit
)
(c:/texlive/2024/texmf-dist/tex/latex/xpatch/xpatch.sty
Package: xpatch 2020/03/25 v0.3a Extending etoolbox patching commands

(c:/texlive/2024/texmf-dist/tex/latex/l3packages/xparse/xparse.sty
Package: xparse 2024-02-18 L3 Experimental document command parser
))
\tkzRadius=\dimen292
\tkzLength=\dimen293
\tkz@radi=\dimen294
\tkz@ax=\dimen295
\tkz@ay=\dimen296
\tkz@bx=\dimen297
\tkz@by=\dimen298
\tkz@cx=\dimen299
\tkz@cy=\dimen300
\tkz@dx=\dimen301
\tkz@dy=\dimen302
\tkz@cntmk=\count329

Local configuration file tkz-euclide.cfg found and used
(c:/texlive/2024/texmf-dist/tex/latex/tkz-euclide/tkz-euclide.cfg
2024/02/04 5.06c tkz-euclide.cfg
) (c:/texlive/2024/texmf-dist/tex/latex/tkz-euclide/tkz-tools-eu-base.tex
2024/02/04 5.06c tkz-tools-eu-base.tex
) (c:/texlive/2024/texmf-dist/tex/latex/tkz-euclide/tkz-tools-eu-utilities.tex
2024/02/04 5.06c tkz-tools-eu-utilities.tex
) (c:/texlive/2024/texmf-dist/tex/latex/tkz-euclide/tkz-tools-eu-BB.tex
2024/02/04 5.06c tkz-obj-eu-BB.tex
) (c:/texlive/2024/texmf-dist/tex/latex/tkz-euclide/tkz-obj-eu-grids.tex
2024/02/04 5.06c tkz-obj-eu-grids.tex
) (c:/texlive/2024/texmf-dist/tex/latex/tkz-euclide/tkz-lib-eu-marks.tex
2024/02/04 5.06c tkz-lib-eu-marks.tex
) (c:/texlive/2024/texmf-dist/tex/latex/tkz-euclide/tkz-tools-eu-text.tex
2024/02/04 5.06c tkz-tools-eu-text.tex
) (c:/texlive/2024/texmf-dist/tex/latex/tkz-euclide/tkz-lib-eu-shape.tex
2024/02/04 5.06c tkz-lib-eu-shape.tex
) (c:/texlive/2024/texmf-dist/tex/latex/tkz-euclide/tkz-obj-eu-axesmin.tex
2024/02/04 5.06c tkz-obj-eu-axesmin
) (c:/texlive/2024/texmf-dist/tex/latex/tkz-euclide/tkz-tools-eu-colors.tex
2024/02/04 5.06c tkz-tools-eu-colors
) (c:/texlive/2024/texmf-dist/tex/latex/tkz-euclide/tkz-obj-eu-points.tex
2024/02/04 5.06c tkz-obj-eu-points.tex
) (c:/texlive/2024/texmf-dist/tex/latex/tkz-euclide/tkz-draw-eu-points.tex
2024/02/04 5.06c tkz-draw-eu-points.tex
) (c:/texlive/2024/texmf-dist/tex/latex/tkz-euclide/tkz-obj-eu-points.tex
2024/02/04 5.06c tkz-obj-eu-points.tex
) (c:/texlive/2024/texmf-dist/tex/latex/tkz-euclide/tkz-obj-eu-points-by.tex
2024/02/04 5.06c tkz-tools-eu-points-by.tex
) (c:/texlive/2024/texmf-dist/tex/latex/tkz-euclide/tkz-tools-eu-math.tex
2024/02/04 5.06c tkz-tools-eu-math.tex
)
(c:/texlive/2024/texmf-dist/tex/latex/tkz-euclide/tkz-tools-eu-intersections.te
x
2024/02/04 5.06c tkz-tools-eu-intersections.tex
) (c:/texlive/2024/texmf-dist/tex/latex/tkz-euclide/tkz-obj-eu-points-with.tex
2024/02/04 5.06c tkz-obj-eu-points-with.tex
) (c:/texlive/2024/texmf-dist/tex/latex/tkz-euclide/tkz-obj-eu-points-spc.tex
2024/02/04 5.06c tkz-obj-el-points.tex
) (c:/texlive/2024/texmf-dist/tex/latex/tkz-euclide/tkz-tools-eu-angles.tex
2024/02/04 5.06c tkz-tools-eu-angles.tex
) (c:/texlive/2024/texmf-dist/tex/latex/tkz-euclide/tkz-obj-eu-circles.tex
2024/02/04 5.06c tkz-obj-eu-circles.tex
) (c:/texlive/2024/texmf-dist/tex/latex/tkz-euclide/tkz-obj-eu-circles-by.tex
2024/02/04 5.06c tkz-obj-eu-circles.tex
) (c:/texlive/2024/texmf-dist/tex/latex/tkz-euclide/tkz-obj-eu-points-rnd.tex
2024/02/04 5.06c tkz-obj-eu-points-rnd.tex
) (c:/texlive/2024/texmf-dist/tex/latex/tkz-euclide/tkz-obj-eu-lines.tex
2024/02/04 5.06c tkz-obj-eu-lines.tex
) (c:/texlive/2024/texmf-dist/tex/latex/tkz-euclide/tkz-obj-eu-polygons.tex
2024/02/04 5.06c tkz-obj-eu-polygons.tex
) (c:/texlive/2024/texmf-dist/tex/latex/tkz-euclide/tkz-obj-eu-triangles.tex
2024/02/04 5.06c tkz-obj-eu-triangles.tex
) (c:/texlive/2024/texmf-dist/tex/latex/tkz-euclide/tkz-draw-eu-lines.tex
2024/02/04 5.06c tkz-obj-eu-draw-lines.tex
) (c:/texlive/2024/texmf-dist/tex/latex/tkz-euclide/tkz-draw-eu-circles.tex
2024/02/04 5.06c tkz-obj-eu-draw-circles.tex
) (c:/texlive/2024/texmf-dist/tex/latex/tkz-euclide/tkz-draw-eu-ellipses.tex
2024/02/04 5.06c tkz-obj-eu-draw-ellipses.tex
) (c:/texlive/2024/texmf-dist/tex/latex/tkz-euclide/tkz-draw-eu-polygons.tex
2024/02/04 5.06c tkz-obj-eu-polygons.tex
) (c:/texlive/2024/texmf-dist/tex/latex/tkz-euclide/tkz-draw-eu-angles.tex
2024/02/04 5.06c tkz-tool-eu-angles.tex
) (c:/texlive/2024/texmf-dist/tex/latex/tkz-euclide/tkz-draw-eu-sectors.tex
2024/02/04 5.06c tkz-obj-eu-sectors.tex
) (c:/texlive/2024/texmf-dist/tex/latex/tkz-euclide/tkz-draw-eu-compass.tex
2024/02/04 5.06c tkz-obj-eu-compass.tex
) (c:/texlive/2024/texmf-dist/tex/latex/tkz-euclide/tkz-draw-eu-show.tex
2024/02/04 5.06c tkz-obj-eu-show.tex
) (c:/texlive/2024/texmf-dist/tex/latex/tkz-euclide/tkz-draw-eu-protractor.tex
2024/02/04 5.06c tkz-obj-eu-protractor.tex
)) (c:/texlive/2024/texmf-dist/tex/generic/soul/soulutf8.sty
Package: soulutf8 2023-06-14 v3.1 Permit use of UTF-8 characters in soul (HO)


Package soulutf8 Warning: This package is obsolete,
(soulutf8)                use the soul package directly. 
(soulutf8)                 on input line 29.

) (c:/texlive/2024/texmf-dist/tex/generic/soul/soul.sty
Package: soul 2023-06-14 v3.1 Permit use of UTF-8 characters in soul (HO)

(c:/texlive/2024/texmf-dist/tex/generic/soul/soul-ori.sty
Package: soul-ori 2023-06-14 v3.1 letterspacing/underlining (mf)
\SOUL@word=\toks52
\SOUL@lasttoken=\toks53
\SOUL@syllable=\toks54
\SOUL@cmds=\toks55
\SOUL@buffer=\toks56
\SOUL@token=\toks57
\SOUL@syllgoal=\dimen303
\SOUL@syllwidth=\dimen304
\SOUL@charkern=\dimen305
\SOUL@hyphkern=\dimen306
\SOUL@dimen=\dimen307
\SOUL@dimeni=\dimen308
\SOUL@minus=\count330
\SOUL@comma=\count331
\SOUL@apo=\count332
\SOUL@grave=\count333
\SOUL@spaceskip=\skip60
\SOUL@ttwidth=\dimen309
\SOUL@uldp=\dimen310
\SOUL@ulht=\dimen311
)
(c:/texlive/2024/texmf-dist/tex/generic/etexcmds/etexcmds.sty
Package: etexcmds 2019/12/15 v1.7 Avoid name clashes with e-TeX commands (HO)
))
(c:/texlive/2024/texmf-dist/tex/latex/csquotes/csquotes.sty
Package: csquotes 2022-09-14 v5.2n context-sensitive quotations (JAW)
\csq@reset=\count334
\csq@gtype=\count335
\csq@glevel=\count336
\csq@qlevel=\count337
\csq@maxlvl=\count338
\csq@tshold=\count339
\csq@ltx@everypar=\toks58

(c:/texlive/2024/texmf-dist/tex/latex/csquotes/csquotes.def
File: csquotes.def 2022-09-14 v5.2n csquotes generic definitions (JAW)
)
Package csquotes Info: Trying to load configuration file 'csquotes.cfg'...
Package csquotes Info: ... configuration file loaded successfully.

(c:/texlive/2024/texmf-dist/tex/latex/csquotes/csquotes.cfg
File: csquotes.cfg 
))
(c:/texlive/2024/texmf-dist/tex/generic/pgf/frontendlayer/tikz/libraries/tikzli
braryfit.code.tex
File: tikzlibraryfit.code.tex 2023-01-15 v3.1.10 (3.1.10)
)
(c:/texlive/2024/texmf-dist/tex/generic/pgf/frontendlayer/tikz/libraries/tikzli
braryfadings.code.tex
File: tikzlibraryfadings.code.tex 2023-01-15 v3.1.10 (3.1.10)

(c:/texlive/2024/texmf-dist/tex/generic/pgf/libraries/pgflibraryfadings.code.te
x
File: pgflibraryfadings.code.tex 2023-01-15 v3.1.10 (3.1.10)
))
(c:/texlive/2024/texmf-dist/tex/generic/pgf/frontendlayer/tikz/libraries/tikzli
braryshadows.code.tex
File: tikzlibraryshadows.code.tex 2023-01-15 v3.1.10 (3.1.10)
)
(c:/texlive/2024/texmf-dist/tex/latex/pgf-blur/tikzlibraryshadows.blur.code.tex
 v1.02, 2012/12/09
\pgfbs@fading@count=\count340
)
(c:/texlive/2024/texmf-dist/tex/generic/pgf/frontendlayer/tikz/libraries/tikzli
braryshapes.code.tex
File: tikzlibraryshapes.code.tex 2023-01-15 v3.1.10 (3.1.10)

(c:/texlive/2024/texmf-dist/tex/generic/pgf/frontendlayer/tikz/libraries/tikzli
braryshapes.geometric.code.tex
File: tikzlibraryshapes.geometric.code.tex 2023-01-15 v3.1.10 (3.1.10)

(c:/texlive/2024/texmf-dist/tex/generic/pgf/libraries/shapes/pgflibraryshapes.g
eometric.code.tex
File: pgflibraryshapes.geometric.code.tex 2023-01-15 v3.1.10 (3.1.10)
))
(c:/texlive/2024/texmf-dist/tex/generic/pgf/frontendlayer/tikz/libraries/tikzli
braryshapes.symbols.code.tex
File: tikzlibraryshapes.symbols.code.tex 2023-01-15 v3.1.10 (3.1.10)

(c:/texlive/2024/texmf-dist/tex/generic/pgf/libraries/shapes/pgflibraryshapes.s
ymbols.code.tex
File: pgflibraryshapes.symbols.code.tex 2023-01-15 v3.1.10 (3.1.10)
))
(c:/texlive/2024/texmf-dist/tex/generic/pgf/frontendlayer/tikz/libraries/tikzli
braryshapes.arrows.code.tex
File: tikzlibraryshapes.arrows.code.tex 2023-01-15 v3.1.10 (3.1.10)

(c:/texlive/2024/texmf-dist/tex/generic/pgf/libraries/shapes/pgflibraryshapes.a
rrows.code.tex
File: pgflibraryshapes.arrows.code.tex 2023-01-15 v3.1.10 (3.1.10)
))
(c:/texlive/2024/texmf-dist/tex/generic/pgf/frontendlayer/tikz/libraries/tikzli
braryshapes.callouts.code.tex
(c:/texlive/2024/texmf-dist/tex/generic/pgf/libraries/shapes/pgflibraryshapes.c
allouts.code.tex))
(c:/texlive/2024/texmf-dist/tex/generic/pgf/frontendlayer/tikz/libraries/tikzli
braryshapes.multipart.code.tex
File: tikzlibraryshapes.multipart.code.tex 2023-01-15 v3.1.10 (3.1.10)

(c:/texlive/2024/texmf-dist/tex/generic/pgf/libraries/shapes/pgflibraryshapes.m
ultipart.code.tex
File: pgflibraryshapes.multipart.code.tex 2023-01-15 v3.1.10 (3.1.10)
\pgfnodepartlowerbox=\box74
\pgfnodeparttwobox=\box75
\pgfnodepartthreebox=\box76
\pgfnodepartfourbox=\box77
\pgfnodeparttwentybox=\box78
\pgfnodepartnineteenbox=\box79
\pgfnodeparteighteenbox=\box80
\pgfnodepartseventeenbox=\box81
\pgfnodepartsixteenbox=\box82
\pgfnodepartfifteenbox=\box83
\pgfnodepartfourteenbox=\box84
\pgfnodepartthirteenbox=\box85
\pgfnodeparttwelvebox=\box86
\pgfnodepartelevenbox=\box87
\pgfnodeparttenbox=\box88
\pgfnodepartninebox=\box89
\pgfnodeparteightbox=\box90
\pgfnodepartsevenbox=\box91
\pgfnodepartsixbox=\box92
\pgfnodepartfivebox=\box93
)))
(c:/texlive/2024/texmf-dist/tex/generic/pgf/frontendlayer/tikz/libraries/tikzli
brarymatrix.code.tex
File: tikzlibrarymatrix.code.tex 2023-01-15 v3.1.10 (3.1.10)
)
(c:/texlive/2024/texmf-dist/tex/latex/geometry/geometry.sty
Package: geometry 2020/01/02 v5.9 Page Geometry

(c:/texlive/2024/texmf-dist/tex/generic/iftex/ifvtex.sty
Package: ifvtex 2019/10/25 v1.7 ifvtex legacy package. Use iftex instead.
)
\Gm@cnth=\count341
\Gm@cntv=\count342
\c@Gm@tempcnt=\count343
\Gm@bindingoffset=\dimen312
\Gm@wd@mp=\dimen313
\Gm@odd@mp=\dimen314
\Gm@even@mp=\dimen315
\Gm@layoutwidth=\dimen316
\Gm@layoutheight=\dimen317
\Gm@layouthoffset=\dimen318
\Gm@layoutvoffset=\dimen319
\Gm@dimlist=\toks59
)
(c:/texlive/2024/texmf-dist/tex/latex/tools/multicol.sty
Package: multicol 2023/03/30 v1.9f multicolumn formatting (FMi)
\c@tracingmulticols=\count344
\mult@box=\box94
\multicol@leftmargin=\dimen320
\c@unbalance=\count345
\c@collectmore=\count346
\doublecol@number=\count347
\multicoltolerance=\count348
\multicolpretolerance=\count349
\full@width=\dimen321
\page@free=\dimen322
\premulticols=\dimen323
\postmulticols=\dimen324
\multicolsep=\skip61
\multicolbaselineskip=\skip62
\partial@page=\box95
\last@line=\box96
\mc@boxedresult=\box97
\maxbalancingoverflow=\dimen325
\mult@rightbox=\box98
\mult@grightbox=\box99
\mult@firstbox=\box100
\mult@gfirstbox=\box101
\@tempa=\box102
\@tempa=\box103
\@tempa=\box104
\@tempa=\box105
\@tempa=\box106
\@tempa=\box107
\@tempa=\box108
\@tempa=\box109
\@tempa=\box110
\@tempa=\box111
\@tempa=\box112
\@tempa=\box113
\@tempa=\box114
\@tempa=\box115
\@tempa=\box116
\@tempa=\box117
\@tempa=\box118
\@tempa=\box119
\@tempa=\box120
\@tempa=\box121
\@tempa=\box122
\@tempa=\box123
\@tempa=\box124
\@tempa=\box125
\@tempa=\box126
\@tempa=\box127
\@tempa=\box128
\@tempa=\box129
\@tempa=\box130
\@tempa=\box131
\@tempa=\box132
\@tempa=\box133
\@tempa=\box134
\@tempa=\box135
\@tempa=\box136
\@tempa=\box137
\c@minrows=\count350
\c@columnbadness=\count351
\c@finalcolumnbadness=\count352
\last@try=\dimen326
\multicolovershoot=\dimen327
\multicolundershoot=\dimen328
\mult@nat@firstbox=\box138
\colbreak@box=\box139
\mc@col@check@num=\count353
)
(c:/texlive/2024/texmf-dist/tex/latex/environ/environ.sty
Package: environ 2014/05/04 v0.3 A new way to define environments

(c:/texlive/2024/texmf-dist/tex/latex/trimspaces/trimspaces.sty
Package: trimspaces 2009/09/17 v1.1 Trim spaces around a token list
))
(c:/texlive/2024/texmf-dist/tex/latex/setspace/setspace.sty
Package: setspace 2022/12/04 v6.7b set line spacing
)
(c:/texlive/2024/texmf-dist/tex/latex/doublestroke/dsfont.sty
Package: dsfont 1995/08/01 v0.1 Double stroke roman fonts
)
(c:/texlive/2024/texmf-dist/tex/latex/morewrites/morewrites.sty
(c:/texlive/2024/texmf-dist/tex/latex/morewrites/primargs.sty
Package: primargs 2024/02/02 Parsing arguments of primitives
)
Package: morewrites 2024/02/02 Always room for a new write
\g__morewrites_later_int=\count354
\l__morewrites_user_int=\count355
\g__morewrites_iow=\write4
\g__morewrites_ior=\read3
\g__morewrites_group_level_int=\count356
\g__morewrites_shipout_box=\box140
\l__morewrites_collect_next_int=\count357
\g__morewrites_alloc_write_int=\count358
)
(c:/texlive/2024/texmf-dist/tex/latex/amsfonts/amssymb.sty
Package: amssymb 2013/01/14 v3.01 AMS font symbols

(c:/texlive/2024/texmf-dist/tex/latex/amsfonts/amsfonts.sty
Package: amsfonts 2013/01/14 v3.01 Basic AMSFonts support
\symAMSa=\mathgroup5
\symAMSb=\mathgroup6
LaTeX Font Info:    Redeclaring math symbol \hbar on input line 98.
LaTeX Font Info:    Overwriting math alphabet `\mathfrak' in version `bold'
(Font)                  U/euf/m/n --> U/euf/b/n on input line 106.
))
(c:/texlive/2024/texmf-dist/tex/latex/jknapltx/mathrsfs.sty
Package: mathrsfs 1996/01/01 Math RSFS package v1.0 (jk)
\symrsfs=\mathgroup7
)
(c:/texlive/2024/texmf-dist/tex/latex/maybemath/maybemath.sty
Package: maybemath 2005/2/22

(c:/texlive/2024/texmf-dist/tex/latex/tools/bm.sty
Package: bm 2023/07/08 v1.2f Bold Symbol Support (DPC/FMi)
\symboldoperators=\mathgroup8
\symboldletters=\mathgroup9
\symboldsymbols=\mathgroup10
Package bm Info: No bold for \OMX/cmex/m/n, using \pmb.
Package bm Info: No bold for \OMX/yhex/m/n, using \pmb.
Package bm Info: No bold for \U/msa/m/n, using \pmb.
Package bm Info: No bold for \U/msb/m/n, using \pmb.
Package bm Info: No bold for \U/rsfs/m/n, using \pmb.
LaTeX Font Info:    Redeclaring math alphabet \mathbf on input line 149.
))
(c:/texlive/2024/texmf-dist/tex/generic/xlop/xlop.sty
Package: xlop 2020/04/26 package wrapper for xlop.tex

(c:/texlive/2024/texmf-dist/tex/generic/xlop/xlop.tex
\op@count@z=\count359
\op@count@i=\count360
\op@count@ii=\count361
\op@count@iii=\count362
\op@count@iv=\count363
\op@count@v=\count364
\op@count@vi=\count365
\op@nbop=\count366
\op@currentstyle=\toks60

`xlop' v0.28  <2020/11/11> (jcc)
\opcolumnwidth=\dimen329
\oplineheight=\dimen330
\op@strutbox=\box141
\op@decimalsepwidth=\dimen331
\op@decimalsepoffset=\dimen332
\op@hrulewidth=\dimen333
\op@vrulewidth=\dimen334
\op@parenthesis=\count367
\op@token=\count368
\op@stack=\count369
\op@stackb=\count370
)) (c:/texlive/2024/texmf-dist/tex/latex/polynom/polynom.sty
Package: polynom 2017/07/17 0.19 (CH,HA)
\pld@currstage=\count371
)
(c:/texlive/2024/texmf-dist/tex/generic/systeme/systeme.sty
(c:/texlive/2024/texmf-dist/tex/generic/xstring/xstring.sty
(c:/texlive/2024/texmf-dist/tex/generic/xstring/xstring.tex
\xs_counta=\count372
\xs_countb=\count373
)
Package: xstring 2023/08/22 v1.86 String manipulations (CT)
)
(c:/texlive/2024/texmf-dist/tex/generic/systeme/systeme.tex
\SYS_systemecode=\toks61
\SYS_systempreamble=\toks62
\SYSeqnum=\count374
)
Package: systeme 2020/05/03 v0.34 Mise en forme de systemes d'equations (CT)
)
(c:/texlive/2024/texmf-dist/tex/latex/ragged2e/ragged2e.sty
Package: ragged2e 2023/06/22 v3.6 ragged2e Package
\CenteringLeftskip=\skip63
\RaggedLeftLeftskip=\skip64
\RaggedRightLeftskip=\skip65
\CenteringRightskip=\skip66
\RaggedLeftRightskip=\skip67
\RaggedRightRightskip=\skip68
\CenteringParfillskip=\skip69
\RaggedLeftParfillskip=\skip70
\RaggedRightParfillskip=\skip71
\JustifyingParfillskip=\skip72
\CenteringParindent=\skip73
\RaggedLeftParindent=\skip74
\RaggedRightParindent=\skip75
\JustifyingParindent=\skip76
)
(c:/texlive/2024/texmf-dist/tex/latex/microtype/microtype.sty
Package: microtype 2023/03/13 v3.1a Micro-typographical refinements (RS)
\MT@toks=\toks63
\MT@tempbox=\box142
\MT@count=\count375
LaTeX Info: Redefining \noprotrusionifhmode on input line 1059.
LaTeX Info: Redefining \leftprotrusion on input line 1060.
\MT@prot@toks=\toks64
LaTeX Info: Redefining \rightprotrusion on input line 1078.
LaTeX Info: Redefining \textls on input line 1368.
\MT@outer@kern=\dimen335
LaTeX Info: Redefining \textmicrotypecontext on input line 1988.
\MT@listname@count=\count376

(c:/texlive/2024/texmf-dist/tex/latex/microtype/microtype-pdftex.def
File: microtype-pdftex.def 2023/03/13 v3.1a Definitions specific to pdftex (RS)

LaTeX Info: Redefining \lsstyle on input line 902.
LaTeX Info: Redefining \lslig on input line 902.
\MT@outer@space=\skip77
)
Package microtype Info: Loading configuration file microtype.cfg.

(c:/texlive/2024/texmf-dist/tex/latex/microtype/microtype.cfg
File: microtype.cfg 2023/03/13 v3.1a microtype main configuration file (RS)
))
(c:/texlive/2024/texmf-dist/tex/latex/makecell/makecell.sty
Package: makecell 2009/08/03 V0.1e Managing of Tab Column Heads and Cells
\rotheadsize=\dimen336
\c@nlinenum=\count377
\TeXr@lab=\toks65
)
(c:/texlive/2024/texmf-dist/tex/latex/booktabs/booktabs.sty
Package: booktabs 2020/01/12 v1.61803398 Publication quality tables
\heavyrulewidth=\dimen337
\lightrulewidth=\dimen338
\cmidrulewidth=\dimen339
\belowrulesep=\dimen340
\belowbottomsep=\dimen341
\aboverulesep=\dimen342
\abovetopsep=\dimen343
\cmidrulesep=\dimen344
\cmidrulekern=\dimen345
\defaultaddspace=\dimen346
\@cmidla=\count378
\@cmidlb=\count379
\@aboverulesep=\dimen347
\@belowrulesep=\dimen348
\@thisruleclass=\count380
\@lastruleclass=\count381
\@thisrulewidth=\dimen349
)
(c:/texlive/2024/texmf-dist/tex/latex/diagbox/diagbox.sty
Package: diagbox 2020/02/09 v2.3 Making table heads with diagonal lines

(c:/texlive/2024/texmf-dist/tex/latex/pict2e/pict2e.sty
Package: pict2e 2020/09/30 v0.4b Improved picture commands (HjG,RN,JT)

(c:/texlive/2024/texmf-dist/tex/latex/pict2e/pict2e.cfg
File: pict2e.cfg 2016/02/05 v0.1u pict2e configuration for teTeX/TeXLive
)
Package pict2e Info: Driver file: pdftex.def on input line 112.
Package pict2e Info: Driver file for pict2e: p2e-pdftex.def on input line 114.

(c:/texlive/2024/texmf-dist/tex/latex/pict2e/p2e-pdftex.def
File: p2e-pdftex.def 2016/02/05 v0.1u Driver-dependant file (RN,HjG,JT)
)
\pIIe@GRAPH=\toks66
\@arclen=\dimen350
\@arcrad=\dimen351
\pIIe@tempdima=\dimen352
\pIIe@tempdimb=\dimen353
\pIIe@tempdimc=\dimen354
\pIIe@tempdimd=\dimen355
\pIIe@tempdime=\dimen356
\pIIe@tempdimf=\dimen357
)
\diagbox@boxa=\box143
\diagbox@boxb=\box144
\diagbox@boxm=\box145
\diagbox@wd=\dimen358
\diagbox@ht=\dimen359
\diagbox@insepl=\dimen360
\diagbox@insepr=\dimen361
\diagbox@outsepl=\dimen362
\diagbox@outsepr=\dimen363
)
(c:/texlive/2024/texmf-dist/tex/latex/pgfornament/pgfornament.sty
(c:/texlive/2024/texmf-dist/tex/latex/pgfopts/pgfopts.sty
Package: pgfopts 2014/07/10 v2.1a LaTeX package options with pgfkeys
\pgfopts@list@add@a@toks=\toks67
\pgfopts@list@add@b@toks=\toks68
)
Package: pgfornament 2020/05/26 v1.2 vector ornaments

(c:/texlive/2024/texmf-dist/tex/latex/pgfornament/pgflibraryvectorian.code.tex
2020/04/06 1.1 pgflibraryvectorian.code.tex
)) (c:/texlive/2024/texmf-dist/tex/latex/psnfss/mathptm.sty
Package: mathptm 2020/03/25 PSNFSS-v9.3 Times w/ Math (SPQR, WaS) 


Package mathptm Warning: This package is to be regarded as obsolete.
(mathptm)                See the PSNFSS documentation.

LaTeX Font Info:    Redeclaring symbol font `operators' on input line 31.
LaTeX Font Info:    Overwriting symbol font `operators' in version `normal'
(Font)                  OT1/cmr/m/n --> OT1/ptmcm/m/n on input line 31.
LaTeX Font Info:    Overwriting symbol font `operators' in version `bold'
(Font)                  OT1/cmr/bx/n --> OT1/ptmcm/m/n on input line 31.
LaTeX Font Info:    Redeclaring symbol font `letters' on input line 32.
LaTeX Font Info:    Overwriting symbol font `letters' in version `normal'
(Font)                  OML/cmm/m/it --> OML/ptmcm/m/it on input line 32.
LaTeX Font Info:    Overwriting symbol font `letters' in version `bold'
(Font)                  OML/cmm/b/it --> OML/ptmcm/m/it on input line 32.
LaTeX Font Info:    Redeclaring symbol font `symbols' on input line 33.
LaTeX Font Info:    Overwriting symbol font `symbols' in version `normal'
(Font)                  OMS/cmsy/m/n --> OMS/pzccm/m/n on input line 33.
LaTeX Font Info:    Overwriting symbol font `symbols' in version `bold'
(Font)                  OMS/cmsy/b/n --> OMS/pzccm/m/n on input line 33.
LaTeX Font Info:    Redeclaring symbol font `largesymbols' on input line 34.
LaTeX Font Info:    Overwriting symbol font `largesymbols' in version `normal'
(Font)                  OMX/cmex/m/n --> OMX/psycm/m/n on input line 34.
LaTeX Font Info:    Overwriting symbol font `largesymbols' in version `bold'
(Font)                  OMX/cmex/m/n --> OMX/psycm/m/n on input line 34.
\symbold=\mathgroup11
\symitalic=\mathgroup12
LaTeX Font Info:    Redeclaring math alphabet \mathbf on input line 37.
LaTeX Font Info:    Redeclaring math alphabet \mathit on input line 38.
LaTeX Font Info:    Overwriting math alphabet `\mathit' in version `normal'
(Font)                  OT1/cmr/m/it --> OT1/ptm/m/it on input line 38.
LaTeX Font Info:    Overwriting math alphabet `\mathit' in version `bold'
(Font)                  OT1/cmr/bx/it --> OT1/ptm/m/it on input line 38.
)
\symsymbolsC=\mathgroup13
LaTeX Font Info:    Redeclaring symbol font `AMSb' on input line 98.
LaTeX Font Info:    Overwriting symbol font `AMSb' in version `normal'
(Font)                  U/msb/m/n --> U/msb/m/n on input line 98.
LaTeX Font Info:    Overwriting symbol font `AMSb' in version `bold'
(Font)                  U/msb/m/n --> U/msb/m/n on input line 98.
 (./Khaibao/Caption/caption.tex
(c:/texlive/2024/texmf-dist/tex/latex/caption/caption.sty
Package: caption 2023/08/05 v3.6o Customizing captions (AR)

(c:/texlive/2024/texmf-dist/tex/latex/caption/caption3.sty
Package: caption3 2023/07/31 v2.4d caption3 kernel (AR)
\caption@tempdima=\dimen364
\captionmargin=\dimen365
\caption@leftmargin=\dimen366
\caption@rightmargin=\dimen367
\caption@width=\dimen368
\caption@indent=\dimen369
\caption@parindent=\dimen370
\caption@hangindent=\dimen371
Package caption Info: Standard document class detected.
)
\c@caption@flags=\count382
\c@continuedfloat=\count383
Package caption Info: hyperref package is loaded.
)
(c:/texlive/2024/texmf-dist/tex/latex/wrapfig/wrapfig.sty
\wrapoverhang=\dimen372
\WF@size=\dimen373
\c@WF@wrappedlines=\count384
\WF@box=\box146
\WF@everypar=\toks69
Package: wrapfig 2003/01/31  v 3.6
)
(c:/texlive/2024/texmf-dist/tex/latex/caption/subcaption.sty
Package: subcaption 2023/07/28 v1.6b Sub-captions (AR)
Package caption Info: New subtype `subfigure' on input line 238.
\c@subfigure=\count385
Package caption Info: New subtype `subtable' on input line 238.
\c@subtable=\count386
)
(c:/texlive/2024/texmf-dist/tex/latex/float/float.sty
Package: float 2001/11/08 v1.3d Float enhancements (AL)
\c@float@type=\count387
\float@exts=\toks70
\float@box=\box147
\@float@everytoks=\toks71
\@floatcapt=\box148
))
(./Khaibao/Tikz/tikz.tex) (./Khaibao/Chemistry/chemmistry.tex
(c:/texlive/2024/texmf-dist/tex/latex/filecontents/filecontents.sty
Package: filecontents 2023/04/02 v1.5a Create an external file from within a La
TeX document


Package filecontents Warning: This package is obsolete. Disabling it and
(filecontents)                passing control to the filecontents environment
(filecontents)                defined by the LaTeX kernel.

) (c:/texlive/2024/texmf-dist/tex/generic/chemfig/chemfig.sty
(c:/texlive/2024/texmf-dist/tex/generic/chemfig/chemfig.tex
(c:/texlive/2024/texmf-dist/tex/generic/simplekv/simplekv.tex
Package: simplekv 2023/10/02 v0.2c Simple keyval package (CT)
)
\CF_cnt_atomgroup=\count388
\CF_cnt_group=\count389
\CF_cnt_atom=\count390
\CF_cnt_cycle=\count391
\CF_cnt_cyclebonds=\count392
\CF_cnt_compound=\count393
\CF_dim=\dimen374
\CF_turnangle=\dimen375
\CF_arrowsize=\dimen376
\CF_zero=\dimen377
\CF_box=\box149
\CF_boxstuff=\box150
\CF_testbox=\box151
\CF_chargebox=\box152
\CF_substtoks=\toks72
)
Package: chemfig 2023/12/28 v1.66 Draw molecule with an easy syntax (CT)
)
(c:/texlive/2024/texmf-dist/tex/latex/chemmacros/chemmacros.sty
(c:/texlive/2024/texmf-dist/tex/latex/l3packages/l3keys2e/l3keys2e.sty
Package: l3keys2e 2024-02-18 LaTeX2e option processing using LaTeX3 keys
)
Package: chemmacros 2022/03/11 v6.2a comprehensive support for typesetting chem
istry documents (CN & SK)
\l__chemmacros_tmpa_dim=\dimen378
\l__chemmacros_tmpb_dim=\dimen379
\l__chemmacros_tmpc_dim=\dimen380
\l__chemmacros_tmpa_int=\count394
\l__chemmacros_tmpb_int=\count395
\l__chemmacros_tmpc_int=\count396
\l__chemmacros_tmpa_box=\box153
\l__chemmacros_tmpb_box=\box154
\l__chemmacros_tmpc_box=\box155
Loading the chemmacros module `base' ...

Loading the chemmacros module `base' ...
Loading the chemmacros module `errorcheck' ...
Loading the chemmacros module `errorcheck' ...
Loading the chemmacros module `lang' ...
Loading the chemmacros module `lang' ...
(c:/texlive/2024/texmf-dist/tex/latex/translations/translations.sty
Package: translations 2022/02/05 v1.12 internationalization of LaTeX2e packages
 (CN)
)
Loading the chemmacros module `greek' ...

Loading the chemmacros module `greek' ...
(c:/texlive/2024/texmf-dist/tex/latex/chemgreek/chemgreek.sty
Package: chemgreek 2020/01/16 v1.1a interface for upright Greek letters for use
 in chemistry (CN)
\l__chemgreek_tmpa_int=\count397
\g__chemgreek_tmpa_int=\count398
)
Loading the chemmacros module `formula' ...

Loading the chemmacros module `formula' ...
Loading the chemmacros module `charges' ...
Loading the chemmacros module `charges' ...
Loading the chemmacros module `acid-base' ...
Loading the chemmacros module `acid-base' ...
Loading the chemmacros module `symbols' ...
Loading the chemmacros module `symbols' ...
Loading the chemmacros module `particles' ...
Loading the chemmacros module `particles' ...
\l__chemmacros_nucleophile_dim=\dimen381
Loading the chemmacros module `phases' ...
Loading the chemmacros module `phases' ...
\l__chemmacros_phases_space_dim=\dimen382
Loading the chemmacros module `nomenclature' ...
Loading the chemmacros module `nomenclature' ...
\l__chemmacros_cip_kern_dim=\dimen383
\l__chemmacros_iupac_hyphen_pre_dim=\dimen384
\l__chemmacros_iupac_hyphen_post_dim=\dimen385
\l__chemmacros_iupac_break_dim=\dimen386
\l__chemmacros_iupac_break_skip=\skip78
Loading the chemmacros module `tikz' ...
Loading the chemmacros module `tikz' ...
\l__chemmacros_el_length_dim=\dimen387
Loading the chemmacros module `isotopes' ...
Loading the chemmacros module `isotopes' ...
(c:/texlive/2024/texmf-dist/tex/latex/elements/elements.sty
Package: elements 2022/01/29 v0.4 properties of chemical elements
\c@@elements@orbital@type=\count399
\c@@elements@shell@number=\count400
)
Loading the chemmacros module `mechanisms' ...

Loading the chemmacros module `mechanisms' ...
Loading the chemmacros module `newman' ...
Loading the chemmacros module `newman' ...
Loading the chemmacros module `orbital' ...
Loading the chemmacros module `orbital' ...
Loading the chemmacros module `polymers' ...
Loading the chemmacros module `polymers' ...
\l__chemmacros_polymer_delimiter_height_dim=\dimen388
\l__chemmacros_polymer_delimiter_depth_dim=\dimen389
Loading the chemmacros module `reactions' ...
Loading the chemmacros module `reactions' ...
\c@reaction=\count401
(c:/texlive/2024/texmf-dist/tex/latex/mathtools/mathtools.sty
Package: mathtools 2024/03/11 v1.30 mathematical typesetting tools

(c:/texlive/2024/texmf-dist/tex/latex/mathtools/mhsetup.sty
Package: mhsetup 2021/03/18 v1.4 programming setup (MH)
)
\g_MT_multlinerow_int=\count402
\l_MT_multwidth_dim=\dimen390
\origjot=\skip79
\l_MT_shortvdotswithinadjustabove_dim=\dimen391
\l_MT_shortvdotswithinadjustbelow_dim=\dimen392
\l_MT_above_intertext_sep=\dimen393
\l_MT_below_intertext_sep=\dimen394
\l_MT_above_shortintertext_sep=\dimen395
\l_MT_below_shortintertext_sep=\dimen396
\xmathstrut@box=\box156
\xmathstrut@dim=\dimen397
)
Loading the chemmacros module `redox' ...

Loading the chemmacros module `redox' ...
(c:/texlive/2024/texmf-dist/tex/latex/relsize/relsize.sty
Package: relsize 2013/03/29 ver 4.1
)
\l__chemmacros_ox_number_int=\count403
\l__chemmacros_redox_sep_dim=\dimen398
\l__chemmacros_redox_sep_default_dim=\dimen399
\l__chemmacros_redox_dist_dim=\dimen400
Loading the chemmacros module `xfrac' ...

Loading the chemmacros module `xfrac' ...
(c:/texlive/2024/texmf-dist/tex/latex/xfrac/xfrac.sty
Package: xfrac 2024-02-13 Split-level fractions

(c:/texlive/2024/texmf-dist/tex/latex/l3packages/xtemplate/xtemplate.sty
(c:/texlive/2024/texmf-dist/tex/latex/l3packages/xtemplate/xtemplate-2023-10-10
.sty
Package: xtemplate 2023-10-10 L3 Experimental prototype document functions
\l__xtemplate_tmp_dim=\dimen401
\l__xtemplate_tmp_int=\count404
\l__xtemplate_tmp_muskip=\muskip18
\l__xtemplate_tmp_skip=\skip80
))
\l__xfrac_slash_box=\box157
\l__xfrac_tmp_box=\box158
\l__xfrac_denominator_bot_sep_dim=\dimen402
\l__xfrac_numerator_bot_sep_dim=\dimen403
\l__xfrac_numerator_top_sep_dim=\dimen404
\l__xfrac_slash_left_sep_dim=\dimen405
\l__xfrac_slash_right_sep_dim=\dimen406
\l__xfrac_slash_left_muskip=\muskip19
\l__xfrac_slash_right_muskip=\muskip20

Package xtemplate Info: Declaring object type 'xfrac' taking 3 argument(s) on
(xtemplate)             line 98.

)
Loading the chemmacros module `scheme' ...

Loading the chemmacros module `scheme' ...
(c:/texlive/2024/texmf-dist/tex/latex/chemnum/chemnum.sty
Package: chemnum 2021/01/21 v1.3a a comprehensive approach for the numbering of
 chemical compounds (CN)

(c:/texlive/2024/texmf-dist/tex/latex/psfrag/psfrag.sty
Package: psfrag 1998/04/11 v3.04 PSfrag (MCG)
\pfg@pcount=\count405
\pfg@scount=\count406
\pfg@temp=\write129
)
\l__chemnum_tmpa_int=\count407
\l__chemnum_tmpb_int=\count408
\l__chemnum_tmpc_int=\count409
\c@cmpdmain=\count410
\g__chemnum_main_int=\count411
\l__chemnum_compound_replace_int=\count412
)
Loading the chemmacros module `spectroscopy' ...

Loading the chemmacros module `spectroscopy' ...
(c:/texlive/2024/texmf-dist/tex/latex/siunitx/siunitx.sty
Package: siunitx 2024-02-15 v3.3.12 A comprehensive (SI) units package
\l__siunitx_number_uncert_offset_int=\count413
\l__siunitx_number_exponent_fixed_int=\count414
\l__siunitx_number_min_decimal_int=\count415
\l__siunitx_number_min_integer_int=\count416
\l__siunitx_number_round_precision_int=\count417
\l__siunitx_number_lower_threshold_int=\count418
\l__siunitx_number_upper_threshold_int=\count419
\l__siunitx_number_group_first_int=\count420
\l__siunitx_number_group_size_int=\count421
\l__siunitx_number_group_minimum_int=\count422
\l__siunitx_angle_tmp_dim=\dimen407
\l__siunitx_angle_marker_box=\box159
\l__siunitx_angle_unit_box=\box160
\l__siunitx_compound_count_int=\count423
\l__siunitx_table_tmp_box=\box161
\l__siunitx_table_tmp_dim=\dimen408
\l__siunitx_table_column_width_dim=\dimen409
\l__siunitx_table_integer_box=\box162
\l__siunitx_table_decimal_box=\box163
\l__siunitx_table_uncert_box=\box164
\l__siunitx_table_before_box=\box165
\l__siunitx_table_after_box=\box166
\l__siunitx_table_before_dim=\dimen410
\l__siunitx_table_carry_dim=\dimen411
\l__siunitx_unit_tmp_int=\count424
\l__siunitx_unit_position_int=\count425
\l__siunitx_unit_total_int=\count426
)
\l__chemmacros_nmr_space_skip=\skip81
Loading the chemmacros module `thermodynamics' ...

Loading the chemmacros module `thermodynamics' ...
Loading the chemmacros module `units' ...
Loading the chemmacros module `units' ...
Loading the chemmacros module `reactants' ...
Loading the chemmacros module `reactants' ...
Loading the chemmacros module `translations' ...
Loading the chemmacros module `translations' ...
)
LaTeX Font Info:    Redeclaring math alphabet \mathbf on input line 9.
LaTeX Font Info:    Overwriting math alphabet `\mathbf' in version `normal'
(Font)                  OT1/ptm/bx/n --> T1/qag/b/n on input line 9.
LaTeX Font Info:    Overwriting math alphabet `\mathbf' in version `bold'
(Font)                  OT1/ptm/bx/n --> T1/qag/b/n on input line 9.
LaTeX Font Info:    Redeclaring math alphabet \mathtt on input line 10.
LaTeX Font Info:    Overwriting math alphabet `\mathtt' in version `normal'
(Font)                  OT1/cmtt/m/n --> T1/pcr/m/n on input line 10.
LaTeX Font Info:    Overwriting math alphabet `\mathtt' in version `bold'
(Font)                  OT1/cmtt/m/n --> T1/pcr/m/n on input line 10.
LaTeX Font Info:    Redeclaring math alphabet \mathit on input line 11.
LaTeX Font Info:    Overwriting math alphabet `\mathit' in version `normal'
(Font)                  OT1/ptm/m/it --> T1/ptm/m/it on input line 11.
LaTeX Font Info:    Overwriting math alphabet `\mathit' in version `bold'
(Font)                  OT1/ptm/m/it --> T1/ptm/m/it on input line 11.
) (./Khaibao/Enumerate/EnumeVer1.tex
(c:/texlive/2024/texmf-dist/tex/latex/enumitem/enumitem.sty
Package: enumitem 2019/06/20 v3.9 Customized lists
\labelindent=\skip82
\enit@outerparindent=\dimen412
\enit@toks=\toks73
\enit@inbox=\box167
\enit@count@id=\count427
\enitdp@description=\count428
))
(./Khaibao/Headerfooter/HeaderFooterVer1.tex
(c:/texlive/2024/texmf-dist/tex/latex/fancyhdr/fancyhdr.sty
Package: fancyhdr 2022/11/09 v4.1 Extensive control of page headers and footers

\f@nch@headwidth=\skip83
\f@nch@O@elh=\skip84
\f@nch@O@erh=\skip85
\f@nch@O@olh=\skip86
\f@nch@O@orh=\skip87
\f@nch@O@elf=\skip88
\f@nch@O@erf=\skip89
\f@nch@O@olf=\skip90
\f@nch@O@orf=\skip91
)
(c:/texlive/2024/texmf-dist/tex/latex/textcase/textcase.sty
Package: textcase 2023/07/27 v1.04 Text only upper/lower case changing (DPC)
Package textcase Info: Defining Legacy names on input line 20.
)
(c:/texlive/2024/texmf-dist/tex/latex/lastpage/lastpage.sty
Package: lastpage 2023/10/14 v2.0e lastpage: 2.09 or 2e? (HMM)

(c:/texlive/2024/texmf-dist/tex/latex/lastpage/lastpage2e.sty
Package: lastpage2e 2023/10/14 v2.0e Decide which 2e lastpage version to use (H
MM)

(c:/texlive/2024/texmf-dist/tex/latex/lastpage/lastpagemodern.sty
Package: lastpagemodern 2023-10-14 v2.0e Refers to last page's name (HMM; JPG)
\c@lastpagecount=\count429
) 
)) (c:/texlive/2024/texmf-dist/tex/latex/qrcode/qrcode.sty
Package: qrcode 2015/01/08 v1.51 QR code generation
\c@qr@i=\count430
\c@qr@j=\count431
\qr@a=\count432
\qr@b=\count433
\qr@c=\count434
\qr@for@depth=\count435
\qr@for@maxdepth=\count436
\qr@for@start=\count437
\qr@for@end=\count438
\qr@for@step=\count439
\qr@newforcount=\count440
\qr@newforcount=\count441
\qr@desiredheight=\skip92
\qr@modulesize=\skip93
\qr@minipagewidth=\skip94
\c@maski=\count442
\c@maskj=\count443
\c@totalones=\count444
\c@penaltyi=\count445
\c@penaltyii=\count446
\c@penaltyiii=\count447
\c@penaltyiv=\count448
\c@qr@hexchars=\count449
\qr@newforcount=\count450
\c@qr@divisionsremaining=\count451
))
(./Khaibao/Tcolorbox/Tcolorbox.tex
(c:/texlive/2024/texmf-dist/tex/latex/tcolorbox/tcolorbox.sty
Package: tcolorbox 2024/01/10 version 6.2.0 text color boxes

(c:/texlive/2024/texmf-dist/tex/latex/tools/verbatim.sty
Package: verbatim 2023-11-06 v1.5v LaTeX2e package for verbatim enhancements
\every@verbatim=\toks74
\verbatim@line=\toks75
\verbatim@in@stream=\read4
)
\tcb@titlebox=\box168
\tcb@upperbox=\box169
\tcb@lowerbox=\box170
\tcb@phantombox=\box171
\c@tcbbreakpart=\count452
\c@tcblayer=\count453
\c@tcolorbox@number=\count454
\l__tcobox_tmpa_box=\box172
\l__tcobox_tmpa_dim=\dimen413
\tcb@temp=\box173
\tcb@temp=\box174
\tcb@temp=\box175
\tcb@temp=\box176

(c:/texlive/2024/texmf-dist/tex/latex/tcolorbox/tcbraster.code.tex
Library (tcolorbox): 'tcbraster.code.tex' version '6.2.0'
\c@tcbrastercolumn=\count455
\c@tcbrasterrow=\count456
\c@tcbrasternum=\count457
\c@tcbraster=\count458
) (c:/texlive/2024/texmf-dist/tex/latex/tcolorbox/tcbskins.code.tex
Library (tcolorbox): 'tcbskins.code.tex' version '6.2.0'
(c:/texlive/2024/texmf-dist/tex/latex/tikzfill/tikzfill.image.sty
Package: tikzfill.image 2023/08/08 v1.0.1 Image filling library for TikZ

(c:/texlive/2024/texmf-dist/tex/latex/tikzfill/tikzfill-common.sty
Package: tikzfill-common 2023/08/08 v1.0.1 Auxiliary code for tikzfill
)
(c:/texlive/2024/texmf-dist/tex/latex/tikzfill/tikzlibraryfill.image.code.tex
File: tikzlibraryfill.image.code.tex 2023/08/08 v1.0.1 Image filling library
\l__tikzfill_img_box=\box177
)) (c:/texlive/2024/texmf-dist/tex/latex/tcolorbox/tcbskinsjigsaw.code.tex
Library (tcolorbox): 'tcbskinsjigsaw.code.tex' version '6.2.0'
)) (c:/texlive/2024/texmf-dist/tex/latex/tcolorbox/tcbbreakable.code.tex
Library (tcolorbox): 'tcbbreakable.code.tex' version '6.2.0'
(c:/texlive/2024/texmf-dist/tex/latex/pdfcol/pdfcol.sty
Package: pdfcol 2022-09-21 v1.7 Handle new color stacks for pdfTeX (HO)
)
Package pdfcol Info: New color stack `tcb@breakable' = 1 on input line 23.
\tcb@testbox=\box178
\tcb@totalupperbox=\box179
\tcb@totallowerbox=\box180
)
(c:/texlive/2024/texmf-dist/tex/latex/tcolorbox/tcbhooks.code.tex
Library (tcolorbox): 'tcbhooks.code.tex' version '6.2.0'
) (c:/texlive/2024/texmf-dist/tex/latex/tcolorbox/tcbtheorems.code.tex
Library (tcolorbox): 'tcbtheorems.code.tex' version '6.2.0'
) (c:/texlive/2024/texmf-dist/tex/latex/tcolorbox/tcbfitting.code.tex
Library (tcolorbox): 'tcbfitting.code.tex' version '6.2.0'
\tcbfitdim=\dimen414
\tcb@lowerfitdim=\dimen415
\tcb@upperfitdim=\dimen416
\tcb@cur@hbadness=\count459
) (c:/texlive/2024/texmf-dist/tex/latex/tcolorbox/tcblistingsutf8.code.tex
Library (tcolorbox): 'tcblistingsutf8.code.tex' version '6.2.0'
(c:/texlive/2024/texmf-dist/tex/latex/tcolorbox/tcblistings.code.tex
Library (tcolorbox): 'tcblistings.code.tex' version '6.2.0'
(c:/texlive/2024/texmf-dist/tex/latex/listings/listings.sty
\lst@mode=\count460
\lst@gtempboxa=\box181
\lst@token=\toks76
\lst@length=\count461
\lst@currlwidth=\dimen417
\lst@column=\count462
\lst@pos=\count463
\lst@lostspace=\dimen418
\lst@width=\dimen419
\lst@newlines=\count464
\lst@lineno=\count465
\lst@maxwidth=\dimen420

(c:/texlive/2024/texmf-dist/tex/latex/listings/lstpatch.sty
File: lstpatch.sty 2024/02/21 1.10 (Carsten Heinz)
)
(c:/texlive/2024/texmf-dist/tex/latex/listings/lstmisc.sty
File: lstmisc.sty 2024/02/21 1.10 (Carsten Heinz)
\c@lstnumber=\count466
\lst@skipnumbers=\count467
\lst@framebox=\box182
)
(c:/texlive/2024/texmf-dist/tex/latex/listings/listings.cfg
File: listings.cfg 2024/02/21 1.10 listings configuration
))
Package: listings 2024/02/21 1.10 (Carsten Heinz)

(c:/texlive/2024/texmf-dist/tex/latex/tcolorbox/tcblistingscore.code.tex
Library (tcolorbox): 'tcblistingscore.code.tex' version '6.2.0'
(c:/texlive/2024/texmf-dist/tex/latex/tcolorbox/tcbprocessing.code.tex
Library (tcolorbox): 'tcbprocessing.code.tex' version '6.2.0'
)
\c@tcblisting=\count468
)) (c:/texlive/2024/texmf-dist/tex/latex/listingsutf8/listingsutf8.sty
Package: listingsutf8 2019-12-10 v1.5 Allow UTF-8 in listings input (HO)

(c:/texlive/2024/texmf-dist/tex/generic/stringenc/stringenc.sty
Package: stringenc 2019/11/29 v1.12 Convert strings between diff. encodings (HO
)
)))
(c:/texlive/2024/texmf-dist/tex/latex/tcolorbox/tcbexternal.code.tex
Library (tcolorbox): 'tcbexternal.code.tex' version '6.2.0'
) (c:/texlive/2024/texmf-dist/tex/latex/tcolorbox/tcbmagazine.code.tex
Library (tcolorbox): 'tcbmagazine.code.tex' version '6.2.0'
) (c:/texlive/2024/texmf-dist/tex/latex/tcolorbox/tcbvignette.code.tex
Library (tcolorbox): 'tcbvignette.code.tex' version '6.2.0'
) (c:/texlive/2024/texmf-dist/tex/latex/tcolorbox/tcbposter.code.tex
Library (tcolorbox): 'tcbposter.code.tex' version '6.2.0'
)) (c:/texlive/2024/texmf-dist/tex/latex/varwidth/varwidth.sty
Package: varwidth 2009/03/30 ver 0.92;  Variable-width minipages
\@vwid@box=\box183
\sift@deathcycles=\count469
\@vwid@loff=\dimen421
\@vwid@roff=\dimen422
)
(c:/texlive/2024/texmf-dist/tex/latex/lipsum/lipsum.sty
Package: lipsum 2021-09-20 v2.7 150 paragraphs of Lorem Ipsum dummy text
\g__lipsum_par_int=\count470
\l__lipsum_a_int=\count471
\l__lipsum_b_int=\count472

(c:/texlive/2024/texmf-dist/tex/latex/lipsum/lipsum.ltd.tex))
(c:/texlive/2024/texmf-dist/tex/latex/tcolorbox/tcbxparse.code.tex
Library (tcolorbox): 'tcbxparse.code.tex' version '6.2.0'
)) (./Khaibao/Table/table.tex
(c:/texlive/2024/texmf-dist/tex/latex/multirow/multirow.sty
Package: multirow 2021/03/15 v2.8 Span multiple rows of a table
\multirow@colwidth=\skip95
\multirow@cntb=\count473
\multirow@dima=\skip96
\bigstrutjot=\dimen423
)
(c:/texlive/2024/texmf-dist/tex/latex/tools/longtable.sty
Package: longtable 2023-11-01 v4.19 Multi-page Table package (DPC)
\LTleft=\skip97
\LTright=\skip98
\LTpre=\skip99
\LTpost=\skip100
\LTchunksize=\count474
\LTcapwidth=\dimen424
\LT@head=\box184
\LT@firsthead=\box185
\LT@foot=\box186
\LT@lastfoot=\box187
\LT@gbox=\box188
\LT@cols=\count475
\LT@rows=\count476
\c@LT@tables=\count477
\c@LT@chunks=\count478
\LT@p@ftn=\toks77
))
(./Khaibao/EXAM_BOX/BOX_EX_TEST_VER1.tex (./ex_test.sty
Package: ex_test 05/11/2019 for Ex_test version 2.4.5 beta3, Tran Anh Tuan

(c:/texlive/2024/texmf-dist/tex/latex/answers/answers.sty
Package: answers 2014/08/24 v2.16 Production of solution sheets in LaTeX2e
)
(c:/texlive/2024/texmf-dist/tex/latex/ntheorem/ntheorem.sty
Style `ntheorem', Version 1.33 <2011/08/15>
Package: ntheorem 2011/08/15 1.33
\theorem@style=\toks78
\theorem@@style=\toks79
\theorembodyfont=\toks80
\theoremnumbering=\toks81
\theorempreskipamount=\skip101
\theorempostskipamount=\skip102
\theoremframepreskipamount=\skip103
\theoremframepostskipamount=\skip104
\theoreminframepreskipamount=\skip105
\theoreminframepostskipamount=\skip106
\theorem@preskip=\toks82
\theorem@postskip=\toks83
\theorem@framepreskip=\toks84
\theorem@framepostskip=\toks85
\theorem@inframepreskip=\toks86
\theorem@inframepostskip=\toks87
\theoremindent=\dimen425
\theorem@indent=\dimen426
\theoremrightindent=\dimen427
\theorem@rightindent=\dimen428
\theoremheaderfont=\toks88
\theoremseparator=\toks89
\theoremprework=\toks90
\theorempostwork=\toks91
\theoremsymbol=\toks92
\qedsymbol=\toks93
\theoremkeyword=\toks94
\qedsymbol=\toks95
\thm@topsep=\skip107
\thm@topsepadd=\skip108
) (c:/texlive/2024/texmf-dist/tex/latex/probsoln/probsoln.sty
Package: probsoln 2017/07/10 v3.05 (NLCT)
\probsoln@write=\write130
\probsoln@startyear=\count479
\probsoln@startmonth=\count480
\probsoln@prev=\write131
\probsoln@used=\write132
\probsoln@prev@cutoff=\count481
\@probN=\count482
\@probselN=\count483
\@rndselctr=\count484
\r@ndcur=\count485
\@ps@randtmp=\count486
\@shfctr=\count487
\@shfA=\count488
\@shfB=\count489
\@ps@forrand=\count490
\@ps@forrand@level=\count491
)
(c:/texlive/2024/texmf-dist/tex/latex/picinpar/picinpar.sty
Pictures in Paragraphs. Version 1.3, November 22, 2022
\br=\count492
\bl=\count493
\na=\count494
\nb=\count495
\tcdsav=\count496
\tcl=\count497
\tcd=\count498
\tcn=\count499
\cumtcl=\count500
\cumpartcl=\count501
\lftside=\dimen429
\rtside=\dimen430
\hpic=\dimen431
\vpic=\dimen432
\strutilg=\dimen433
\picwd=\dimen434
\topheight=\dimen435
\ilg=\dimen436
\lpic=\dimen437
\lwindowsep=\dimen438
\rwindowsep=\dimen439
\cumpar=\dimen440
\twa=\toks96
\la=\toks97
\ra=\toks98
\ha=\toks99
\pictoc=\toks100
\rawtext=\box189
\holder=\box190
\windowbox=\box191
\wartext=\box192
\finaltext=\box193
\aslice=\box194
\bslice=\box195
\wbox=\box196
\wstrutbox=\box197
\picbox=\box198
\waslice=\box199
\wbslice=\box256
\fslice=\box257
) (c:/texlive/2024/texmf-dist/tex/latex/eepic/epic.sty
Enhancements to Picture Environment. Version 1.2 - Released June 1, 1986
\@@multicnt=\count502
\d@lta=\count503
\@delta=\dimen441
\@@delta=\dimen442
\@gridcnt=\count504
\@joinkind=\count505
\@dotgap=\dimen443
\@ddotgap=\dimen444
\@x@diff=\count506
\@y@diff=\count507
\x@diff=\dimen445
\y@diff=\dimen446
\@dotbox=\box258
\num@segments=\count508
\num@segmentsi=\count509
\@datafile=\read5
) (c:/texlive/2024/texmf-dist/tex/latex/cntformats/cntformats.sty
Package: cntformats 2014/07/20 v0.7 A different way to read counters. (CN)

(c:/texlive/2024/texmf-dist/tex/latex/cnltx/cnltx-base.sty
Package: cnltx-base 2019/11/01 v0.15 LaTeX tools and documenting facilities (CN
)
\c@cnltx@tmpa=\count510
\c@cnltx@tmpb=\count511
\c@cnltx@tmpc=\count512
\cnltx@tmpa@length=\skip109
\cnltx@tmpb@length=\skip110
\cnltx@tmpc@length=\skip111
))
\c@ex=\count513
\linepar=\dimen447
\paroutindent=\skip112
\lineheight=\skip113
\wsh=\skip114
\hsh=\skip115
\dsh=\skip116
\c@dapan=\count514
\widthalpha=\skip117
\widthalphaT=\skip118
\widthalphaF=\skip119
\c@Solshort=\count515
\c@numTrue=\count516
\c@numTrueSol=\count517
\dorongfix=\skip120
\dorong=\skip121
\c@BTSolution=\count518
\c@Solbook=\count519
\c@Solution=\count520

WARNING: environment Solution already in use
\c@vdexT=\count521
\widthcha=\skip122
\widthchb=\skip123
\widthchc=\skip124
\widthchd=\skip125
\widthche=\skip126
\widthch=\skip127
\tabmaxwidth=\skip128
\fourthtabwidth=\skip129
\halftabwidth=\skip130
\fifthtabwidth=\skip131
\thirdtabwidth=\skip132
\wmothai=\skip133
\wmothaiba=\skip134
\wmothaibabon=\skip135
\wbonnam=\skip136
\wbabonnam=\skip137
\whaibabonnam=\skip138
\c@numChoice=\count522
\heightline=\dimen448
\widthimmini=\dimen449
\heightimmini=\dimen450
\heighttextimmini=\dimen451
\himmini=\dimen452
\spaceleft=\dimen453
\imbox=\box259
\imboxtext=\box260

(c:/texlive/2024/texmf-dist/tex/generic/pgf/frontendlayer/tikz/libraries/tikzli
brarypatterns.code.tex
File: tikzlibrarypatterns.code.tex 2023-01-15 v3.1.10 (3.1.10)

(c:/texlive/2024/texmf-dist/tex/generic/pgf/libraries/pgflibrarypatterns.code.t
ex
File: pgflibrarypatterns.code.tex 2023-01-15 v3.1.10 (3.1.10)
))
\myboxans=\box261
\c@exrd=\count523
\l__listsEX_depth_int=\count524
\g__listsEX_int=\count525
\g__listsEX_total_items_int=\count526
\l__listsEX_columns_int=\count527
\l__listsEX_rows_int=\count528
\g__listsEX_current_col_num_int=\count529
\g__listsEX_current_row_num_int=\count530
\l__listsEX_item_columns_int=\count531
\l__listsEX_item_indent_dim=\dimen454
\l__listsEX_item_default_indent_dim=\dimen455
\l__listsEX_item_width_dim=\dimen456
\l__listsEX_label_width_dim=\dimen457
\l__listsEX_label_default_width_dim=\dimen458
\l__listsEX_label_offset_dim=\dimen459
\l__listsEX_label_default_offset_dim=\dimen460
\l__listsEX_column_sep_dim=\dimen461
\l__listsEX_after_item_skip=\skip139
\l__listsEX_custom_after_item_skip=\skip140
\l__listsEX_before_list_skip=\skip141
\l__listsEX_after_list_skip=\skip142
\l__listsEX_item_coffin=\box262
\l__listsEX_label_coffin=\box263
\c@listEX=\count532
\l__listsEX_tmpa_int=\count533
\l__listsEX_tmpb_int=\count534
\l__listsEX_tmpa_coffin=\box264

Package xtemplate Info: Declaring object type 'listsEX' taking 3 argument(s)
(xtemplate)             on line 2082.

\l__listsEX_choice_width_dim=\dimen462
\l__listsEX_choice_linewidth_dim=\dimen463
\l__listsEX_choice_checkwidth_dim=\dimen464
\l__listsEX_choice_raise_dim=\dimen465
)
\widthPB=\skip143
\c@loigiaibth=\count535
\c@loigiaiexh=\count536
\c@loigiaibt=\count537
\c@loigiaiex=\count538
\c@bt=\count539
\c@vd=\count540
\widthNPB=\skip144
\c@itemchoicecount=\count541
) (./Khaibao/Chuongmuc/ChuongMucDG.tex
(c:/texlive/2024/texmf-dist/tex/latex/titlesec/titlesec.sty
Package: titlesec 2023/10/27 v2.16 Sectioning titles
\ttl@box=\box265
\beforetitleunit=\skip145
\aftertitleunit=\skip146
\ttl@plus=\dimen466
\ttl@minus=\dimen467
\ttl@toksa=\toks101
\titlewidth=\dimen468
\titlewidthlast=\dimen469
\titlewidthfirst=\dimen470
)
LaTeX Font Info:    Trying to load font information for T5+ugq on input line 13
.

(c:/texlive/2024/texmf-dist/tex/latex/vntex/t5ugq.fd
File: t5ugq.fd 2006/07/30 Fontinst v1.927 font definitions for T5/ugq.
)
\c@ttlp@side=\count542
\ttlp@side=\count543
)
(./Khaibao/Mucluc/Mucluc_CD.tex
(c:/texlive/2024/texmf-dist/tex/latex/titlesec/titletoc.sty
Package: titletoc 2023/10/27 v2.16 TOC entries
\ttl@leftsep=\dimen471
))
(./Khaibao/ENV_BOX/ENV_BOX_VER1.tex
\c@phan=\count544
\c@dang=\count545
\c@noibat=\count546
\c@dn=\count547
\c@dl=\count548
\c@hq=\count549
\c@tc=\count550
\c@hd=\count551
\c@lt=\count552

(c:/texlive/2024/texmf-dist/tex/latex/paracol/paracol.sty
Package: paracol 2018/12/31 v1.35 
\pcol@currcol=\count553
\pcol@nextcol=\count554
\pcol@ncol=\count555
\pcol@ncolleft=\count556
\pcol@page=\count557
\pcol@basepage=\count558
\pcol@toppage=\count559
\pcol@footnotebase=\count560
\pcol@nfootnotes=\count561
\pcol@mcid=\count562
\pcol@prevdepth=\dimen472
\pcol@colht=\dimen473
\pcol@textfloatsep=\dimen474
\pcol@lrmargin=\dimen475
\pagerim=\dimen476
\pcol@topskip=\skip147
\belowfootnoteskip=\skip148
\pcol@topfnotes=\box266
\pcol@prespan=\box267
\pcol@rightpage=\box268
\pcol@colorstack@saved=\box269
\pcol@tempboxa=\box270
\pcol@tempboxb=\box271
\pcol@colorins=\insert252
\pcol@everyvbox=\toks102
)
(c:/texlive/2024/texmf-dist/tex/latex/amsmath/amsxtra.sty
Package: amsxtra 1999/11/15 v1.2c AMS extra commands
LaTeX Info: Redefining \nobreakspace on input line 54.
)
(c:/texlive/2024/texmf-dist/tex/latex/base/latexsym.sty
Package: latexsym 1998/08/17 v2.2e Standard LaTeX package (lasy symbols)
\symlasy=\mathgroup14
LaTeX Font Info:    Overwriting symbol font `lasy' in version `bold'
(Font)                  U/lasy/m/n --> U/lasy/b/n on input line 52.
)
(c:/texlive/2024/texmf-dist/tex/latex/amsmath/amscd.sty
Package: amscd 2017/04/14 v2.1 AMS Commutative Diagrams
\athelp@=\toks103
\minaw@=\dimen477
\bigaw@=\dimen478
\minCDarrowwidth=\dimen479
)
\c@qandacount=\count563
\c@cauhoicount=\count564
\c@ecbcount=\count565
\c@tkcount=\count566
\c@tcb@cnt@boxtk=\count567
\c@kdcount=\count568
\c@ltcount=\count569
)
(./Khaibao/NEWCOMMAND/viettat.tex
(c:/texlive/2024/texmf-dist/tex/latex/multido/multido.sty
Package: multido 2004/05/17 package wrapper for PSTricks `multido.tex', (HV/RN)


(c:/texlive/2024/texmf-dist/tex/generic/multido/multido.tex
 v1.42, 2010/05/14 <tvz>
\multido@count=\count570
\multidocount=\count571
\multido@stuff=\toks104
)
File: multido.tex 2010/05/14 v1.42 `multido' (tvz,hv)
)
\c@gsnd=\count572
) (./Khaibao/NEWCOMMAND/newcommand.tex
\c@so=\count573
)
(./Khaibao/NEWCOMMAND/lenhbosung.tex
(c:/texlive/2024/texmf-dist/tex/latex/adjustbox/adjustbox.sty
Package: adjustbox 2022/10/17 v1.3a Adjusting TeX boxes (trim, clip, ...)

(c:/texlive/2024/texmf-dist/tex/latex/adjustbox/adjcalc.sty
Package: adjcalc 2012/05/16 v1.1 Provides advanced setlength with multiple back
-ends (calc, etex, pgfmath)
)
(c:/texlive/2024/texmf-dist/tex/latex/adjustbox/trimclip.sty
Package: trimclip 2020/08/19 v1.2 Trim and clip general TeX material

(c:/texlive/2024/texmf-dist/tex/latex/collectbox/collectbox.sty
Package: collectbox 2022/10/17 v0.4c Collect macro arguments as boxes
\collectedbox=\box272
)
\tc@llx=\dimen480
\tc@lly=\dimen481
\tc@urx=\dimen482
\tc@ury=\dimen483
Package trimclip Info: Using driver 'tc-pdftex.def'.

(c:/texlive/2024/texmf-dist/tex/latex/adjustbox/tc-pdftex.def
File: tc-pdftex.def 2019/01/04 v2.2 Clipping driver for pdftex
))
\adjbox@Width=\dimen484
\adjbox@Height=\dimen485
\adjbox@Depth=\dimen486
\adjbox@Totalheight=\dimen487
\adjbox@pwidth=\dimen488
\adjbox@pheight=\dimen489
\adjbox@pdepth=\dimen490
\adjbox@ptotalheight=\dimen491

(c:/texlive/2024/texmf-dist/tex/latex/ifoddpage/ifoddpage.sty
Package: ifoddpage 2022/10/18 v1.2 Conditionals for odd/even page detection
\c@checkoddpage=\count574
))
(c:/texlive/2024/texmf-dist/tex/latex/asymptote/asymptote.sty
Package: asymptote 2024/02/26 v1.38 Asymptote style file for LaTeX

(./C01_B01_MO_DAU_VE_KHTN.pre)
\ASYbox=\box273
\ASYdimen=\dimen492
\c@asy=\count575
\AsyStream=\write133
\AsyPreStream=\write134

(c:/texlive/2024/texmf-dist/tex/generic/iftex/ifpdf.sty
Package: ifpdf 2019/10/25 v3.4 ifpdf legacy package. Use iftex instead.
)
(c:/texlive/2024/texmf-dist/tex/generic/catchfile/catchfile.sty
Package: catchfile 2019/12/09 v1.8 Catch the contents of a file (HO)
)
\openout4 = `C01_B01_MO_DAU_VE_KHTN.pre'.

))
(./Khaibao/NEWCOMMAND/Bangdapan.tex
\c@itemcounth=\count576
)))
Package csquotes Info: Checking for multilingual support...
Package csquotes Info: ... none found.
Package translations Info: No language package found. I am going to use `englis
h' as default language. on input line 2.

Package chemmacros Info: You haven't chosen a formula method so I'm assuming
(chemmacros)             the default method `chemformula'.


(c:/texlive/2024/texmf-dist/tex/latex/chemformula/chemformula.sty
(c:/texlive/2024/texmf-dist/tex/latex/units/nicefrac.sty
Package: nicefrac 1998/08/04 v0.9b Nice fractions
\L@UnitsRaiseDisplaystyle=\skip149
\L@UnitsRaiseTextstyle=\skip150
\L@UnitsRaiseScriptstyle=\skip151
)
Package: chemformula 2022/01/23 v4.17 typeset chemical compounds and reactions 
(CN)
\l__chemformula_tmpa_dim=\dimen493
\l__chemformula_tmpb_dim=\dimen494
\l__chemformula_tmpc_dim=\dimen495
\l__chemformula_tmpa_int=\count577
\l__chemformula_tmpb_int=\count578
\l__chemformula_tmpc_int=\count579
\l__chemformula_tmpa_box=\box274
\l__chemformula_tmpb_box=\box275
\l__chemformula_arrow_length_dim=\dimen496
\l__chemformula_arrow_label_height_dim=\dimen497
\l__chemformula_arrow_label_offset_dim=\dimen498
\l__chemformula_arrow_minimum_length_dim=\dimen499
\l__chemformula_arrow_shortage_dim=\dimen500
\l__chemformula_arrow_offset_dim=\dimen501
\l__chemformula_arrow_yshift_dim=\dimen502
\l__chemformula_radical_radius_dim=\dimen503
\l__chemformula_radical_hshift_dim=\dimen504
\l__chemformula_radical_vshift_dim=\dimen505
\l__chemformula_radical_space_dim=\dimen506
\l__chemformula_arrow_head_dim=\dimen507
\l__chemformula_name_dim=\dimen508
\l__chemformula_adduct_space_dim=\dimen509
\l__chemformula_charge_shift_dim=\dimen510
\l__chemformula_subscript_shift_dim=\dimen511
\l__chemformula_superscript_shift_dim=\dimen512
\l__chemformula_subscript_dim=\dimen513
\l__chemformula_superscript_dim=\dimen514
\l__chemformula_bond_dim=\dimen515
\l__chemformula_bond_space_dim=\dimen516
\l__chemformula_elspec_pair_distance_dim=\dimen517
\l__chemformula_elspec_pair_line_length_dim=\dimen518
\l__chemformula_elspec_pair_width_dim=\dimen519
\l__chemformula_kroegervink_positive_radius_dim=\dimen520
\l__chemformula_kroegervink_positive_hshift_dim=\dimen521
\l__chemformula_kroegervink_positive_vshift_dim=\dimen522
\l__chemformula_kroegervink_positive_space_dim=\dimen523
\l__chemformula_stoich_space_skip=\skip152
\l__chemformula_math_space_skip=\skip153
\l__chemformula_additions_symbol_space_skip=\skip154
\l__chemformula_count_tokens_int=\count580
\g__chemformula_lewis_int=\count581
\l__chemformula_arrow_arg_i_box=\box276
\l__chemformula_arrow_arg_ii_box=\box277
\l__chemformula_superscript_box=\box278
\l__chemformula_subscript_box=\box279
\l__chemformula_plus_space_skip=\skip155
\l__chemformula_minus_space_skip=\skip156
)

Package chemmacros Info: Using float defining method `float'.

\@float@every@scheme=\toks105
\c@scheme=\count582
LaTeX Font Info:    Trying to load font information for T5+ptm on input line 2.


(c:/texlive/2024/texmf-dist/tex/latex/vntex/t5ptm.fd
File: t5utm.fd 2005/08/24 Fontinst v1.929 font definitions for T5/ptm.
)
(./C01_B01_MO_DAU_VE_KHTN.aux)
\openout1 = `C01_B01_MO_DAU_VE_KHTN.aux'.

LaTeX Font Info:    Checking defaults for OML/cmm/m/it on input line 2.
LaTeX Font Info:    ... okay on input line 2.
LaTeX Font Info:    Checking defaults for OMS/cmsy/m/n on input line 2.
LaTeX Font Info:    ... okay on input line 2.
LaTeX Font Info:    Checking defaults for OT1/cmr/m/n on input line 2.
LaTeX Font Info:    ... okay on input line 2.
LaTeX Font Info:    Checking defaults for T1/cmr/m/n on input line 2.
LaTeX Font Info:    ... okay on input line 2.
LaTeX Font Info:    Checking defaults for TS1/cmr/m/n on input line 2.
LaTeX Font Info:    ... okay on input line 2.
LaTeX Font Info:    Checking defaults for OMX/cmex/m/n on input line 2.
LaTeX Font Info:    ... okay on input line 2.
LaTeX Font Info:    Checking defaults for U/cmr/m/n on input line 2.
LaTeX Font Info:    ... okay on input line 2.
LaTeX Font Info:    Checking defaults for PD1/pdf/m/n on input line 2.
LaTeX Font Info:    ... okay on input line 2.
LaTeX Font Info:    Checking defaults for PU/pdf/m/n on input line 2.
LaTeX Font Info:    ... okay on input line 2.
LaTeX Font Info:    Checking defaults for T5/cmr/m/n on input line 2.
LaTeX Font Info:    ... okay on input line 2.

(c:/texlive/2024/texmf-dist/tex/context/base/mkii/supp-pdf.mkii
[Loading MPS to PDF converter (version 2006.09.02).]
\scratchcounter=\count583
\scratchdimen=\dimen524
\scratchbox=\box280
\nofMPsegments=\count584
\nofMParguments=\count585
\everyMPshowfont=\toks106
\MPscratchCnt=\count586
\MPscratchDim=\dimen525
\MPnumerator=\count587
\makeMPintoPDFobject=\count588
\everyMPtoPDFconversion=\toks107
) (c:/texlive/2024/texmf-dist/tex/latex/epstopdf-pkg/epstopdf-base.sty
Package: epstopdf-base 2020-01-24 v2.11 Base part for package epstopdf
Package epstopdf-base Info: Redefining graphics rule for `.eps' on input line 4
85.

(c:/texlive/2024/texmf-dist/tex/latex/latexconfig/epstopdf-sys.cfg
File: epstopdf-sys.cfg 2010/07/13 v1.3 Configuration of (r)epstopdf for TeX Liv
e
))
Package hyperref Info: Link coloring ON on input line 2.

(./C01_B01_MO_DAU_VE_KHTN.out) (./C01_B01_MO_DAU_VE_KHTN.out)
\@outlinefile=\write135
\openout4 = `C01_B01_MO_DAU_VE_KHTN.out'.


(c:/texlive/2024/texmf-dist/tex/latex/pdflscape/pdflscape.sty
Package: pdflscape 2022-10-27 v0.13 Display of landscape pages in PDF

(c:/texlive/2024/texmf-dist/tex/latex/pdflscape/pdflscape-nometadata.sty
Package: pdflscape-nometadata 2022-10-28 v0.13 Display of landscape pages in PD
F (HO)

(c:/texlive/2024/texmf-dist/tex/latex/graphics/lscape.sty
Package: lscape 2020/05/28 v3.02 Landscape Pages (DPC)
)
Package pdflscape Info: Auto-detected driver: pdftex on input line 81.
))
Package pgfplots notification 'compat/show suggested version=true': document ha
s been generated with the most recent feature set (\pgfplotsset{compat=1.18}).

*geometry* driver: auto-detecting
*geometry* detected driver: pdftex
*geometry* verbose mode - [ preamble ] result:
* driver: pdftex
* paper: a4paper
* layout: <same size as paper>
* layoutoffset:(h,v)=(0.0pt,0.0pt)
* modes: twoside 
* h-part:(L,W,R)=(56.9055pt, 512.14963pt, 28.45274pt)
* v-part:(T,H,B)=(49.79231pt, 745.46222pt, 49.79231pt)
* \paperwidth=597.50787pt
* \paperheight=845.04684pt
* \textwidth=512.14963pt
* \textheight=745.46222pt
* \oddsidemargin=-15.36449pt
* \evensidemargin=-43.81725pt
* \topmargin=-54.35147pt
* \headheight=12.0pt
* \headsep=19.8738pt
* \topskip=12.0pt
* \footskip=30.0pt
* \marginparwidth=98.0pt
* \marginparsep=7.0pt
* \columnsep=28.45274pt
* \skip\footins=10.8pt plus 4.0pt minus 2.0pt
* \hoffset=0.0pt
* \voffset=0.0pt
* \mag=1000
* \@twocolumnfalse
* \@twosidetrue
* \@mparswitchtrue
* \@reversemarginfalse
* (1in=72.27pt=25.4mm, 1cm=28.453pt)

LaTeX Info: Redefining \microtypecontext on input line 2.
Package microtype Info: Applying patch `item' on input line 2.
Package microtype Info: Applying patch `toc' on input line 2.
Package microtype Info: Applying patch `eqnum' on input line 2.

Package microtype Warning: Unable to apply patch `footnote' on input line 2.

Package microtype Info: Applying patch `verbatim' on input line 2.
Package microtype Info: Generating PDF output.
Package microtype Info: Character protrusion enabled (level 2).
Package microtype Info: Using default protrusion set `alltext'.
Package microtype Info: Automatic font expansion enabled (level 2),
(microtype)             stretch: 20, shrink: 20, step: 1, non-selected.
Package microtype Info: Using default expansion set `alltext-nott'.
LaTeX Info: Redefining \showhyphens on input line 2.
Package microtype Info: No adjustment of tracking.
Package microtype Info: No adjustment of interword spacing.
Package microtype Info: No adjustment of character kerning.
(c:/texlive/2024/texmf-dist/tex/latex/microtype/mt-ptm.cfg
File: mt-ptm.cfg 2006/04/20 v1.7 microtype config. file: Times (RS)
)

Package microtype Warning: I cannot find a protrusion list for font
(microtype)                `T5/ptm/m/n/12'. Switching off
(microtype)                protrusion for this font on input line 2.

Package caption Info: Begin \AtBeginDocument code.
Package caption Info: float package is loaded.
Package caption Info: listings package is loaded.
Package caption Info: longtable package is loaded.
(c:/texlive/2024/texmf-dist/tex/latex/caption/ltcaption.sty
Package: ltcaption 2021/01/08 v1.4c longtable captions (AR)
)
Package caption Info: picinpar package is loaded.
Package caption Info: wrapfig package is loaded.
Package caption Info: End \AtBeginDocument code.

(c:/texlive/2024/texmf-dist/tex/latex/translations/translations-basic-dictionar
y-english.trsl
File: translations-basic-dictionary-english.trsl (english translation file `tra
nslations-basic-dictionary')
)
Package translations Info: loading dictionary `translations-basic-dictionary' f
or `english'. on input line 2.

Package chemgreek Info: Activating mapping `default' on line 2.

\c@lstlisting=\count589


Package chemmacros Warning: You haven't loaded any package for upright Greek
(chemmacros)                letters or no unique choice was possible. Either
(chemmacros)                load one of packages specified in the manual or
(chemmacros)                select a chemgreek mapping manually.

(c:/texlive/2024/texmf-dist/tex/latex/elements/elements_names_english.def)
Ch\uhorn \ohorn ng 1.
LaTeX Font Info:    Trying to load font information for T5+phv on input line 14
.
(c:/texlive/2024/texmf-dist/tex/latex/vntex/t5phv.fd
File: t5uhv.fd 2005/08/24 Fontinst v1.929 font definitions for T5/phv.
)

Package microtype Warning: I cannot find a protrusion list for font
(microtype)                `T5/phv/m/n/25'. Switching off
(microtype)                protrusion for this font on input line 14.


Package microtype Warning: I cannot find a protrusion list for font
(microtype)                `T5/phv/b/n/25'. Switching off
(microtype)                protrusion for this font on input line 14.


Package microtype Warning: I cannot find a protrusion list for font
(microtype)                `T5/phv/b/n/12'. Switching off
(microtype)                protrusion for this font on input line 14.


Package microtype Warning: I cannot find a protrusion list for font
(microtype)                `T5/phv/b/n/20.74'. Switching off
(microtype)                protrusion for this font on input line 14.


Package microtype Warning: I cannot find a protrusion list for font
(microtype)                `T5/phv/b/n/34'. Switching off
(microtype)                protrusion for this font on input line 14.


Package microtype Warning: I cannot find a protrusion list for font
(microtype)                `T5/ptm/m/n/14.4'. Switching off
(microtype)                protrusion for this font on input line 15.


Package microtype Warning: I cannot find a protrusion list for font
(microtype)                `T5/ptm/b/n/14.4'. Switching off
(microtype)                protrusion for this font on input line 15.

LaTeX Font Info:    Trying to load font information for T5+cmss on input line 1
5.
(c:/texlive/2024/texmf-dist/tex/latex/vntex/t5cmss.fd
File: t5cmss.fd 1999/05/25 v2.5h Standard LaTeX font definitions
)

Package microtype Warning: I cannot find a protrusion list for font
(microtype)                `T5/cmss/bx/n/14.4'. Switching off
(microtype)                protrusion for this font on input line 15.


Package microtype Warning: I cannot find a protrusion list for font
(microtype)                `T5/ptm/m/n/10.95'. Switching off
(microtype)                protrusion for this font on input line 15.


Package microtype Warning: I cannot find a protrusion list for font
(microtype)                `T5/ptm/m/it/10.95'. Switching off
(microtype)                protrusion for this font on input line 15.


Package microtype Warning: I cannot find a protrusion list for font
(microtype)                `T5/ptm/m/it/10'. Switching off
(microtype)                protrusion for this font on input line 16.


Package microtype Warning: I cannot find a protrusion list for font
(microtype)                `T5/ptm/b/it/10'. Switching off
(microtype)                protrusion for this font on input line 16.

LaTeX Font Info:    Trying to load font information for T5+qag on input line 16
.
(c:/texlive/2024/texmf-dist/tex/latex/tex-gyre/t5qag.fd
File: t5qag.fd 2009/09/25 v1.2 font definition file for T5/qag
)

Package microtype Warning: I cannot find a protrusion list for font
(microtype)                `T5/qag/b/it/10'. Switching off
(microtype)                protrusion for this font on input line 16.


Package microtype Warning: I cannot find a protrusion list for font
(microtype)                `T5/ptm/b/n/12'. Switching off
(microtype)                protrusion for this font on input line 18.


Package microtype Warning: I cannot find a protrusion list for font
(microtype)                `T5/qag/b/n/24'. Switching off
(microtype)                protrusion for this font on input line 18.


Package microtype Warning: I cannot find a protrusion list for font
(microtype)                `T5/qag/b/n/26'. Switching off
(microtype)                protrusion for this font on input line 18.

LaTeX Font Info:    Trying to load font information for TS1+qag on input line 1
8.
(c:/texlive/2024/texmf-dist/tex/latex/tex-gyre/ts1qag.fd
File: ts1qag.fd 2009/09/25 v1.2 font definition file for TS1/qag
)
Package microtype Info: Loading generic protrusion settings for font family
(microtype)             `qag' (encoding: TS1).
(microtype)             For optimal results, create family-specific settings.
(microtype)             See the microtype manual for details.


Package microtype Warning: I cannot find a protrusion list for font
(microtype)                `T5/ugq/b/n/22'. Switching off
(microtype)                protrusion for this font on input line 18.


Package microtype Warning: I cannot find a protrusion list for font
(microtype)                `T5/ptm/m/n/17.28'. Switching off
(microtype)                protrusion for this font on input line 19.


Package microtype Warning: I cannot find a protrusion list for font
(microtype)                `T5/ptm/b/n/17.28'. Switching off
(microtype)                protrusion for this font on input line 19.


Package microtype Warning: I cannot find a protrusion list for font
(microtype)                `T5/phv/b/n/17.28'. Switching off
(microtype)                protrusion for this font on input line 19.


Package microtype Warning: I cannot find a protrusion list for font
(microtype)                `T5/qag/b/n/14.4'. Switching off
(microtype)                protrusion for this font on input line 73.


Package microtype Warning: I cannot find a protrusion list for font
(microtype)                `T5/ptm/b/it/12'. Switching off
(microtype)                protrusion for this font on input line 73.

LaTeX Font Info:    Trying to load font information for OT1+ptmcm on input line
 73.
(c:/texlive/2024/texmf-dist/tex/latex/psnfss/ot1ptmcm.fd
File: ot1ptmcm.fd 2000/01/03 Fontinst v1.801 font definitions for OT1/ptmcm.
)
Package microtype Info: Loading generic protrusion settings for font family
(microtype)             `ptmcm' (encoding: OT1).
(microtype)             For optimal results, create family-specific settings.
(microtype)             See the microtype manual for details.
LaTeX Font Info:    Trying to load font information for OML+ptmcm on input line
 73.

(c:/texlive/2024/texmf-dist/tex/latex/psnfss/omlptmcm.fd
File: omlptmcm.fd 2000/01/03 Fontinst v1.801 font definitions for OML/ptmcm.
)
LaTeX Font Info:    Trying to load font information for OMS+pzccm on input line
 73.

(c:/texlive/2024/texmf-dist/tex/latex/psnfss/omspzccm.fd
File: omspzccm.fd 2000/01/03 Fontinst v1.801 font definitions for OMS/pzccm.
)
LaTeX Font Info:    Trying to load font information for OMX+psycm on input line
 73.

(c:/texlive/2024/texmf-dist/tex/latex/psnfss/omxpsycm.fd
File: omxpsycm.fd 2000/01/03 Fontinst v1.801 font definitions for OMX/psycm.
)
LaTeX Font Info:    Trying to load font information for OMX+yhex on input line 
73.

(c:/texlive/2024/texmf-dist/tex/latex/yhmath/OMXyhex.fd
File: OMXyhex.fd 
File: OMXyhex.fd 2013/07/03 v1.1 YH's humble contribution to TeX maths (NP)
)
LaTeX Font Info:    Trying to load font information for U+msa on input line 73.


(c:/texlive/2024/texmf-dist/tex/latex/amsfonts/umsa.fd
File: umsa.fd 2013/01/14 v3.01 AMS symbols A
)
(c:/texlive/2024/texmf-dist/tex/latex/microtype/mt-msa.cfg
File: mt-msa.cfg 2006/02/04 v1.1 microtype config. file: AMS symbols (a) (RS)
)
LaTeX Font Info:    Trying to load font information for U+msb on input line 73.


(c:/texlive/2024/texmf-dist/tex/latex/amsfonts/umsb.fd
File: umsb.fd 2013/01/14 v3.01 AMS symbols B
)
(c:/texlive/2024/texmf-dist/tex/latex/microtype/mt-msb.cfg
File: mt-msb.cfg 2005/06/01 v1.0 microtype config. file: AMS symbols (b) (RS)
)
LaTeX Font Info:    Trying to load font information for U+rsfs on input line 73
.

(c:/texlive/2024/texmf-dist/tex/latex/jknapltx/ursfs.fd
File: ursfs.fd 1998/03/24 rsfs font definition file (jk)
)
(c:/texlive/2024/texmf-dist/tex/latex/microtype/mt-cmr.cfg
File: mt-cmr.cfg 2013/05/19 v2.2 microtype config. file: Computer Modern Roman 
(RS)
)
LaTeX Font Info:    Trying to load font information for OT1+ptm on input line 7
3.

(c:/texlive/2024/texmf-dist/tex/latex/psnfss/ot1ptm.fd
File: ot1ptm.fd 2001/06/04 font definitions for OT1/ptm.
)
LaTeX Font Info:    Font shape `OT1/ptm/bx/n' in size <12> not available
(Font)              Font shape `OT1/ptm/b/n' tried instead on input line 73.
LaTeX Font Info:    Font shape `OT1/ptm/bx/n' in size <9> not available
(Font)              Font shape `OT1/ptm/b/n' tried instead on input line 73.
LaTeX Font Info:    Font shape `OT1/ptm/bx/n' in size <7> not available
(Font)              Font shape `OT1/ptm/b/n' tried instead on input line 73.
LaTeX Font Info:    Trying to load font information for U+txsyc on input line 7
3.

(c:/texlive/2024/texmf-dist/tex/latex/txfonts/utxsyc.fd
File: utxsyc.fd 2000/12/15 v3.1
)
LaTeX Font Info:    Trying to load font information for U+lasy on input line 73
.

(c:/texlive/2024/texmf-dist/tex/latex/base/ulasy.fd
File: ulasy.fd 1998/08/17 v2.2e LaTeX symbol font definitions
)
<Images/DE_CUONG_HOA_6_HKI/vat_song.png, id=85, 1445.4pt x 813.0375pt>
File: Images/DE_CUONG_HOA_6_HKI/vat_song.png Graphic file (type png)
<use Images/DE_CUONG_HOA_6_HKI/vat_song.png>
Package pdftex.def Info: Images/DE_CUONG_HOA_6_HKI/vat_song.png  used on input 
line 73.
(pdftex.def)             Requested size: 211.17348pt x 118.77444pt.
<Images/DE_CUONG_HOA_6_HKI/vat_khong_song.png, id=87, 1445.4pt x 813.0375pt>
File: Images/DE_CUONG_HOA_6_HKI/vat_khong_song.png Graphic file (type png)
<use Images/DE_CUONG_HOA_6_HKI/vat_khong_song.png>
Package pdftex.def Info: Images/DE_CUONG_HOA_6_HKI/vat_khong_song.png  used on 
input line 73.
(pdftex.def)             Requested size: 211.17348pt x 118.77444pt.
<Images/DE_CUONG_HOA_6_HKI/cac_linh_vuc_cua_khoa_hoc_tu_nhien.png, id=88, 1541.
76pt x 1027.84pt>
File: Images/DE_CUONG_HOA_6_HKI/cac_linh_vuc_cua_khoa_hoc_tu_nhien.png Graphic 
file (type png)
<use Images/DE_CUONG_HOA_6_HKI/cac_linh_vuc_cua_khoa_hoc_tu_nhien.png>
Package pdftex.def Info: Images/DE_CUONG_HOA_6_HKI/cac_linh_vuc_cua_khoa_hoc_tu
_nhien.png  used on input line 73.
(pdftex.def)             Requested size: 484.09631pt x 322.72052pt.
<Images/DE_CUONG_HOA_6_HKI/Vai_tro_cua_Khoa_hoc_cong_nghe.png, id=89, 1453.43pt
 x 1090.0725pt>
File: Images/DE_CUONG_HOA_6_HKI/Vai_tro_cua_Khoa_hoc_cong_nghe.png Graphic file
 (type png)
<use Images/DE_CUONG_HOA_6_HKI/Vai_tro_cua_Khoa_hoc_cong_nghe.png>
Package pdftex.def Info: Images/DE_CUONG_HOA_6_HKI/Vai_tro_cua_Khoa_hoc_cong_ng
he.png  used on input line 73.
(pdftex.def)             Requested size: 211.17348pt x 158.36417pt.
<Images/DE_CUONG_HOA_6_HKI/Vai_tro_cua_Khoa_hoc_cong_nghe_2.png, id=90, 1453.43
pt x 1090.0725pt>
File: Images/DE_CUONG_HOA_6_HKI/Vai_tro_cua_Khoa_hoc_cong_nghe_2.png Graphic fi
le (type png)
<use Images/DE_CUONG_HOA_6_HKI/Vai_tro_cua_Khoa_hoc_cong_nghe_2.png>
Package pdftex.def Info: Images/DE_CUONG_HOA_6_HKI/Vai_tro_cua_Khoa_hoc_cong_ng
he_2.png  used on input line 73.
(pdftex.def)             Requested size: 211.17348pt x 158.36417pt.


Package microtype Warning: I cannot find a protrusion list for font
(microtype)                `T5/qag/b/n/12'. Switching off
(microtype)                protrusion for this font on input line 73.


Package microtype Warning: I cannot find a protrusion list for font
(microtype)                `T5/qag/b/n/17.28'. Switching off
(microtype)                protrusion for this font on input line 73.

<./Images/Icons/Icon3d_22.png, id=91, 150.5625pt x 150.5625pt>
File: ./Images/Icons/Icon3d_22.png Graphic file (type png)
<use ./Images/Icons/Icon3d_22.png>
Package pdftex.def Info: ./Images/Icons/Icon3d_22.png  used on input line 73.
(pdftex.def)             Requested size: 24.18501pt x 24.18468pt.
<./Images/Icons/PPG.png, id=92, 813.0375pt x 813.0375pt>
File: ./Images/Icons/PPG.png Graphic file (type png)
<use ./Images/Icons/PPG.png>
Package pdftex.def Info: ./Images/Icons/PPG.png  used on input line 73.
(pdftex.def)             Requested size: 28.45274pt x 28.44681pt.

Package microtype Warning: I cannot find a protrusion list for font
(microtype)                `T5/cmss/bx/n/12'. Switching off
(microtype)                protrusion for this font on input line 73.

LaTeX Font Info:    Trying to load font information for U+fontawesometwo on inp
ut line 73.
(c:/texlive/2024/texmf-dist/tex/latex/fontawesome/ufontawesometwo.fd
File: ufontawesometwo.fd 2016/05/22 Font definitions for U/fontawesometwo.
)

LaTeX Font Warning: Font shape `U/fontawesometwo/bx/n' undefined
(Font)              using `U/fontawesometwo/m/n' instead on input line 73.

LaTeX Font Info:    Trying to load font information for T5+put on input line 73
.
(c:/texlive/2024/texmf-dist/tex/latex/vntex/t5put.fd
File: t5put.fd 2006/07/30 Fontinst v1.927 font definitions for T5/put.
)

Package microtype Warning: I cannot find a protrusion list for font
(microtype)                `T5/put/b/n/12'. Switching off
(microtype)                protrusion for this font on input line 73.

\openout4 = `C01_B01_MO_DAU_VE_KHTN.mw'.

[1
Non-PDF special ignored!
<special> header=psfrag.pro
{c:/texlive/2024/texmf-var/fonts/map/pdftex/updmap/pdftex.map}{c:/texlive/2024/
texmf-dist/fonts/enc/dvips/fontawesome/fontawesometwo.enc}{c:/texlive/2024/texm
f-dist/fonts/enc/dvips/vntex/t5.enc}


{c:/texlive/2024/texmf-dist/fonts/enc/dvips/tex-gyre/q-t5.enc}{c:/texlive/2024/
texmf-dist/fonts/enc/dvips/tex-gyre/q-ts1.enc} <./Images/Icons/Icon3d_22.png> <
./Images/Icons/PPG.png>]
(./C01_B01_MO_DAU_VE_KHTN.mw)
\openout4 = `C01_B01_MO_DAU_VE_KHTN.mw'.

\openout4 = `C01_B01_MO_DAU_VE_KHTN.mw'.

\openout4 = `C01_B01_MO_DAU_VE_KHTN.mw'.

\openout4 = `C01_B01_MO_DAU_VE_KHTN.mw'.

\openout4 = `C01_B01_MO_DAU_VE_KHTN.mw'.

\openout4 = `C01_B01_MO_DAU_VE_KHTN.mw'.

\openout4 = `C01_B01_MO_DAU_VE_KHTN.mw'.

LaTeX Font Info:    Trying to load font information for T5+fmm on input line 73
.

(c:/texlive/2024/texmf-dist/tex/latex/miama/t5fmm.fd
File: t5fmm.fd 
)
LaTeX Font Info:    Font shape `T5/fmm/m/n' will be
(Font)              scaled to size 8.64pt on input line 73.


Package microtype Warning: I cannot find a protrusion list for font
(microtype)                `T5/fmm/m/n/17.28'. Switching off
(microtype)                protrusion for this font on input line 73.

LaTeX Font Info:    Font shape `T5/fmm/m/it' in size <17.28> not available
(Font)              Font shape `T5/fmm/m/n' tried instead on input line 73.
LaTeX Font Info:    Font shape `T5/fmm/m/n' will be
(Font)              scaled to size 8.64pt on input line 73.

Package microtype Warning: I cannot find a protrusion list for font
(microtype)                `T5/fmm/m/n/17.28'. Switching off
(microtype)                protrusion for this font on input line 73.

LaTeX Font Info:    Font shape `T5/fmm/b/n' in size <17.28> not available
(Font)              Font shape `T5/fmm/m/n' tried instead on input line 73.
LaTeX Font Info:    Font shape `T5/fmm/m/n' will be
(Font)              scaled to size 8.64pt on input line 73.

Package microtype Warning: I cannot find a protrusion list for font
(microtype)                `T5/fmm/m/n/17.28'. Switching off
(microtype)                protrusion for this font on input line 73.

LaTeX Font Info:    Font shape `T5/fmm/m/n' will be
(Font)              scaled to size 10.37pt on input line 73.

Package microtype Warning: I cannot find a protrusion list for font
(microtype)                `T5/fmm/m/n/20.74'. Switching off
(microtype)                protrusion for this font on input line 73.

LaTeX Font Info:    Font shape `T5/fmm/b/n' in size <20.74> not available
(Font)              Font shape `T5/fmm/m/n' tried instead on input line 73.
LaTeX Font Info:    Font shape `T5/fmm/m/n' will be
(Font)              scaled to size 10.37pt on input line 73.

Package microtype Warning: I cannot find a protrusion list for font
(microtype)                `T5/fmm/m/n/20.74'. Switching off
(microtype)                protrusion for this font on input line 73.


Package fancyhdr Warning: \headheight is too small (12.0pt): 
(fancyhdr)                Make it at least 31.99992pt, for example:
(fancyhdr)                \setlength{\headheight}{31.99992pt}.
(fancyhdr)                You might also make \topmargin smaller to compensate:

(fancyhdr)                \addtolength{\topmargin}{-19.99992pt}.


Package microtype Warning: I cannot find a protrusion list for font
(microtype)                `T5/cmss/m/n/12'. Switching off
(microtype)                protrusion for this font on input line 73.

\openout4 = `C01_B01_MO_DAU_VE_KHTN.mw'.

[2{c:/texlive/2024/texmf-dist/fonts/enc/dvips/miama/t5-miama.enc} <./Images/DE_
CUONG_HOA_6_HKI/vat_song.png> <./Images/DE_CUONG_HOA_6_HKI/vat_khong_song.png> 
<./Images/DE_CUONG_HOA_6_HKI/cac_linh_vuc_cua_khoa_hoc_tu_nhien.png (PNG copy)>
] (./C01_B01_MO_DAU_VE_KHTN.mw)
\openout4 = `C01_B01_MO_DAU_VE_KHTN.mw'.



Package microtype Warning: I cannot find a protrusion list for font
(microtype)                `T5/qag/m/n/12'. Switching off
(microtype)                protrusion for this font on input line 77.


Package microtype Warning: I cannot find a protrusion list for font
(microtype)                `T5/ptm/m/it/12'. Switching off
(microtype)                protrusion for this font on input line 78.


Package microtype Warning: I cannot find a protrusion list for font
(microtype)                `T5/ptm/m/it/14.4'. Switching off
(microtype)                protrusion for this font on input line 78.

Output from handle ansbth going to Ans/LGBT-C01_B01_MO_DAU_VE_KHTN.tex
\ansbth@file=\write136
\openout4 = `Ans/LGBT-C01_B01_MO_DAU_VE_KHTN.tex'.

Output from handle ansbt going to Ans/AnsBT-C01_B01_MO_DAU_VE_KHTN.tex
\ansbt@file=\write137
\openout4 = `Ans/AnsBT-C01_B01_MO_DAU_VE_KHTN.tex'.

LaTeX Font Info:    Trying to load font information for U+mvs on input line 92.

(c:/texlive/2024/texmf-dist/tex/latex/marvosym/umvs.fd)
(c:/texlive/2024/texmf-dist/tex/latex/microtype/mt-mvs.cfg
File: mt-mvs.cfg 2006/07/05 v1.1 microtype config. file: Marvosym Euro (RS)
)
LaTeX Font Info:    Font shape `T5/fmm/m/n' will be
(Font)              scaled to size 6.0pt on input line 92.


Package microtype Warning: I cannot find a protrusion list for font
(microtype)                `T5/fmm/m/n/12'. Switching off
(microtype)                protrusion for this font on input line 92.


Package fancyhdr Warning: \headheight is too small (12.0pt): 
(fancyhdr)                Make it at least 31.99992pt, for example:
(fancyhdr)                \setlength{\headheight}{31.99992pt}.
(fancyhdr)                You might also make \topmargin smaller to compensate:

(fancyhdr)                \addtolength{\topmargin}{-19.99992pt}.

\openout4 = `C01_B01_MO_DAU_VE_KHTN.mw'.

[3 <./Images/DE_CUONG_HOA_6_HKI/Vai_tro_cua_Khoa_hoc_cong_nghe.png (PNG copy)> 
<./Images/DE_CUONG_HOA_6_HKI/Vai_tro_cua_Khoa_hoc_cong_nghe_2.png (PNG copy)>]
(./C01_B01_MO_DAU_VE_KHTN.mw)
\openout4 = `C01_B01_MO_DAU_VE_KHTN.mw'.

\openout4 = `C01_B01_MO_DAU_VE_KHTN.mw'.

\openout4 = `C01_B01_MO_DAU_VE_KHTN.mw'.



Package fancyhdr Warning: \headheight is too small (12.0pt): 
(fancyhdr)                Make it at least 31.99992pt, for example:
(fancyhdr)                \setlength{\headheight}{31.99992pt}.
(fancyhdr)                You might also make \topmargin smaller to compensate:

(fancyhdr)                \addtolength{\topmargin}{-19.99992pt}.

\openout4 = `C01_B01_MO_DAU_VE_KHTN.mw'.

[4{c:/texlive/2024/texmf-dist/fonts/enc/dvips/base/8r.enc}]
(./C01_B01_MO_DAU_VE_KHTN.mw)
\openout4 = `C01_B01_MO_DAU_VE_KHTN.mw'.

\openout4 = `Ans/AnsBT-C01_B01_MO_DAU_VE_KHTN.tex'.

\openout4 = `Ans/LGBT-C01_B01_MO_DAU_VE_KHTN.tex'.


Output from handle ansex going to Ans/LGEX-C01_B01_MO_DAU_VE_KHTN.tex
\ansex@file=\write138
\openout4 = `Ans/LGEX-C01_B01_MO_DAU_VE_KHTN.tex'.

Output from handle ans going to Ans/Ans-C01_B01_MO_DAU_VE_KHTN.tex
\ans@file=\write139
\openout4 = `Ans/Ans-C01_B01_MO_DAU_VE_KHTN.tex'.


Package fancyhdr Warning: \headheight is too small (12.0pt): 
(fancyhdr)                Make it at least 31.99992pt, for example:
(fancyhdr)                \setlength{\headheight}{31.99992pt}.
(fancyhdr)                You might also make \topmargin smaller to compensate:

(fancyhdr)                \addtolength{\topmargin}{-19.99992pt}.

\openout4 = `C01_B01_MO_DAU_VE_KHTN.mw'.

[5] (./C01_B01_MO_DAU_VE_KHTN.mw)
\openout4 = `C01_B01_MO_DAU_VE_KHTN.mw'.



Package microtype Warning: I cannot find a protrusion list for font
(microtype)                `T5/qag/m/n/11.5'. Switching off
(microtype)                protrusion for this font on input line 242.


Package microtype Warning: I cannot find a protrusion list for font
(microtype)                `T5/qag/b/n/11.5'. Switching off
(microtype)                protrusion for this font on input line 242.


Overfull \hbox (0.84pt too wide) in paragraph at lines 242--242
   [] [] 
 []


Overfull \hbox (0.84pt too wide) in paragraph at lines 242--242
   [] [] 
 []


Overfull \hbox (0.84pt too wide) in paragraph at lines 242--242
   [] [] 
 []


Overfull \hbox (0.84pt too wide) in paragraph at lines 242--242
   [] [] 
 []


Package microtype Warning: I cannot find a protrusion list for font
(microtype)                `T5/ptm/m/n/10'. Switching off
(microtype)                protrusion for this font on input line 243.


Package microtype Warning: I cannot find a protrusion list for font
(microtype)                `T5/ptm/b/n/10'. Switching off
(microtype)                protrusion for this font on input line 243.


Package microtype Warning: I cannot find a protrusion list for font
(microtype)                `T5/qag/b/n/10'. Switching off
(microtype)                protrusion for this font on input line 243.

\openout4 = `C01_B01_MO_DAU_VE_KHTN.mw'.

\openout4 = `C01_B01_MO_DAU_VE_KHTN.mw'.

\openout4 = `C01_B01_MO_DAU_VE_KHTN.mw'.

\openout4 = `C01_B01_MO_DAU_VE_KHTN.mw'.

\openout4 = `C01_B01_MO_DAU_VE_KHTN.mw'.

\openout4 = `C01_B01_MO_DAU_VE_KHTN.mw'.

\openout4 = `C01_B01_MO_DAU_VE_KHTN.mw'.

\openout4 = `C01_B01_MO_DAU_VE_KHTN.mw'.

\openout4 = `C01_B01_MO_DAU_VE_KHTN.mw'.

\openout4 = `C01_B01_MO_DAU_VE_KHTN.mw'.

\openout4 = `C01_B01_MO_DAU_VE_KHTN.mw'.

\openout4 = `C01_B01_MO_DAU_VE_KHTN.mw'.

\openout4 = `C01_B01_MO_DAU_VE_KHTN.mw'.

\openout4 = `C01_B01_MO_DAU_VE_KHTN.mw'.

\openout4 = `C01_B01_MO_DAU_VE_KHTN.mw'.

\openout4 = `C01_B01_MO_DAU_VE_KHTN.mw'.

\openout4 = `C01_B01_MO_DAU_VE_KHTN.mw'.

\openout4 = `C01_B01_MO_DAU_VE_KHTN.mw'.

\openout4 = `C01_B01_MO_DAU_VE_KHTN.mw'.

\openout4 = `C01_B01_MO_DAU_VE_KHTN.mw'.

\openout4 = `C01_B01_MO_DAU_VE_KHTN.mw'.

\openout4 = `C01_B01_MO_DAU_VE_KHTN.mw'.

\openout4 = `C01_B01_MO_DAU_VE_KHTN.mw'.

\openout4 = `C01_B01_MO_DAU_VE_KHTN.mw'.

\openout4 = `C01_B01_MO_DAU_VE_KHTN.mw'.

\openout4 = `C01_B01_MO_DAU_VE_KHTN.mw'.

\openout4 = `C01_B01_MO_DAU_VE_KHTN.mw'.

\openout4 = `C01_B01_MO_DAU_VE_KHTN.mw'.

\openout4 = `C01_B01_MO_DAU_VE_KHTN.mw'.

\openout4 = `C01_B01_MO_DAU_VE_KHTN.mw'.

\openout4 = `C01_B01_MO_DAU_VE_KHTN.mw'.

\openout4 = `C01_B01_MO_DAU_VE_KHTN.mw'.

\openout4 = `C01_B01_MO_DAU_VE_KHTN.mw'.

\openout4 = `C01_B01_MO_DAU_VE_KHTN.mw'.

\openout4 = `C01_B01_MO_DAU_VE_KHTN.mw'.

\openout4 = `C01_B01_MO_DAU_VE_KHTN.mw'.

\openout4 = `C01_B01_MO_DAU_VE_KHTN.mw'.

\openout4 = `C01_B01_MO_DAU_VE_KHTN.mw'.

\openout4 = `C01_B01_MO_DAU_VE_KHTN.mw'.

\openout4 = `C01_B01_MO_DAU_VE_KHTN.mw'.

\openout4 = `C01_B01_MO_DAU_VE_KHTN.mw'.

\openout4 = `C01_B01_MO_DAU_VE_KHTN.mw'.

\openout4 = `C01_B01_MO_DAU_VE_KHTN.mw'.

\openout4 = `C01_B01_MO_DAU_VE_KHTN.mw'.

\openout4 = `C01_B01_MO_DAU_VE_KHTN.mw'.

\openout4 = `C01_B01_MO_DAU_VE_KHTN.mw'.

\openout4 = `C01_B01_MO_DAU_VE_KHTN.mw'.

\openout4 = `C01_B01_MO_DAU_VE_KHTN.mw'.


Package fancyhdr Warning: \headheight is too small (12.0pt): 
(fancyhdr)                Make it at least 31.99992pt, for example:
(fancyhdr)                \setlength{\headheight}{31.99992pt}.
(fancyhdr)                You might also make \topmargin smaller to compensate:

(fancyhdr)                \addtolength{\topmargin}{-19.99992pt}.

\openout4 = `C01_B01_MO_DAU_VE_KHTN.mw'.

[6] (./C01_B01_MO_DAU_VE_KHTN.mw)
\openout4 = `C01_B01_MO_DAU_VE_KHTN.mw'.


Overfull \hbox (0.84pt too wide) in paragraph at lines 330--330
   [] [] 
 []


Overfull \hbox (0.84pt too wide) in paragraph at lines 330--330
   [] [] 
 []


Overfull \hbox (0.84pt too wide) in paragraph at lines 330--330
   [] [] 
 []


Overfull \hbox (0.84pt too wide) in paragraph at lines 330--330
   [] [] 
 []

\openout4 = `C01_B01_MO_DAU_VE_KHTN.mw'.

\openout4 = `C01_B01_MO_DAU_VE_KHTN.mw'.

\openout4 = `C01_B01_MO_DAU_VE_KHTN.mw'.

\openout4 = `C01_B01_MO_DAU_VE_KHTN.mw'.

\openout4 = `C01_B01_MO_DAU_VE_KHTN.mw'.

\openout4 = `C01_B01_MO_DAU_VE_KHTN.mw'.


Overfull \hbox (0.84pt too wide) in paragraph at lines 341--341
   [] [] 
 []


Overfull \hbox (0.84pt too wide) in paragraph at lines 341--341
   [] [] 
 []


Overfull \hbox (0.84pt too wide) in paragraph at lines 341--341
   [] [] 
 []


Overfull \hbox (0.84pt too wide) in paragraph at lines 341--341
   [] [] 
 []

\openout4 = `C01_B01_MO_DAU_VE_KHTN.mw'.

\openout4 = `C01_B01_MO_DAU_VE_KHTN.mw'.

\openout4 = `C01_B01_MO_DAU_VE_KHTN.mw'.

\openout4 = `C01_B01_MO_DAU_VE_KHTN.mw'.

\openout4 = `C01_B01_MO_DAU_VE_KHTN.mw'.

\openout4 = `C01_B01_MO_DAU_VE_KHTN.mw'.

\openout4 = `C01_B01_MO_DAU_VE_KHTN.mw'.

\openout4 = `C01_B01_MO_DAU_VE_KHTN.mw'.

\openout4 = `C01_B01_MO_DAU_VE_KHTN.mw'.

\openout4 = `C01_B01_MO_DAU_VE_KHTN.mw'.

\openout4 = `C01_B01_MO_DAU_VE_KHTN.mw'.

\openout4 = `C01_B01_MO_DAU_VE_KHTN.mw'.


Overfull \hbox (0.84pt too wide) in paragraph at lines 363--363
   [] [] 
 []


Overfull \hbox (0.84pt too wide) in paragraph at lines 363--363
   [] [] 
 []


Overfull \hbox (0.84pt too wide) in paragraph at lines 363--363
   [] [] 
 []


Overfull \hbox (0.84pt too wide) in paragraph at lines 363--363
   [] [] 
 []

\openout4 = `C01_B01_MO_DAU_VE_KHTN.mw'.

\openout4 = `C01_B01_MO_DAU_VE_KHTN.mw'.

\openout4 = `C01_B01_MO_DAU_VE_KHTN.mw'.

\openout4 = `C01_B01_MO_DAU_VE_KHTN.mw'.

\openout4 = `C01_B01_MO_DAU_VE_KHTN.mw'.

\openout4 = `C01_B01_MO_DAU_VE_KHTN.mw'.

\openout4 = `C01_B01_MO_DAU_VE_KHTN.mw'.

\openout4 = `C01_B01_MO_DAU_VE_KHTN.mw'.

\openout4 = `C01_B01_MO_DAU_VE_KHTN.mw'.

\openout4 = `C01_B01_MO_DAU_VE_KHTN.mw'.

\openout4 = `C01_B01_MO_DAU_VE_KHTN.mw'.

\openout4 = `C01_B01_MO_DAU_VE_KHTN.mw'.


Package fancyhdr Warning: \headheight is too small (12.0pt): 
(fancyhdr)                Make it at least 31.99992pt, for example:
(fancyhdr)                \setlength{\headheight}{31.99992pt}.
(fancyhdr)                You might also make \topmargin smaller to compensate:

(fancyhdr)                \addtolength{\topmargin}{-19.99992pt}.

\openout4 = `C01_B01_MO_DAU_VE_KHTN.mw'.

[7] (./C01_B01_MO_DAU_VE_KHTN.mw)
\openout4 = `C01_B01_MO_DAU_VE_KHTN.mw'.

\openout4 = `C01_B01_MO_DAU_VE_KHTN.mw'.

\openout4 = `C01_B01_MO_DAU_VE_KHTN.mw'.

\openout4 = `C01_B01_MO_DAU_VE_KHTN.mw'.

\openout4 = `C01_B01_MO_DAU_VE_KHTN.mw'.

\openout4 = `C01_B01_MO_DAU_VE_KHTN.mw'.

\openout4 = `C01_B01_MO_DAU_VE_KHTN.mw'.

\openout4 = `C01_B01_MO_DAU_VE_KHTN.mw'.

\openout4 = `C01_B01_MO_DAU_VE_KHTN.mw'.

\openout4 = `C01_B01_MO_DAU_VE_KHTN.mw'.

\openout4 = `C01_B01_MO_DAU_VE_KHTN.mw'.

\openout4 = `C01_B01_MO_DAU_VE_KHTN.mw'.

\openout4 = `C01_B01_MO_DAU_VE_KHTN.mw'.

\openout4 = `C01_B01_MO_DAU_VE_KHTN.mw'.

\openout4 = `C01_B01_MO_DAU_VE_KHTN.mw'.

\openout4 = `C01_B01_MO_DAU_VE_KHTN.mw'.

\openout4 = `C01_B01_MO_DAU_VE_KHTN.mw'.

\openout4 = `C01_B01_MO_DAU_VE_KHTN.mw'.

\openout4 = `C01_B01_MO_DAU_VE_KHTN.mw'.


Overfull \hbox (0.84pt too wide) in paragraph at lines 425--425
   [] [] 
 []


Overfull \hbox (0.84pt too wide) in paragraph at lines 425--425
   [] [] 
 []


Overfull \hbox (0.84pt too wide) in paragraph at lines 425--425
   [] [] 
 []


Overfull \hbox (0.84pt too wide) in paragraph at lines 425--425
   [] [] 
 []

\openout4 = `C01_B01_MO_DAU_VE_KHTN.mw'.

\openout4 = `C01_B01_MO_DAU_VE_KHTN.mw'.

\openout4 = `C01_B01_MO_DAU_VE_KHTN.mw'.

\openout4 = `C01_B01_MO_DAU_VE_KHTN.mw'.

\openout4 = `C01_B01_MO_DAU_VE_KHTN.mw'.

\openout4 = `C01_B01_MO_DAU_VE_KHTN.mw'.

\openout4 = `C01_B01_MO_DAU_VE_KHTN.mw'.

\openout4 = `C01_B01_MO_DAU_VE_KHTN.mw'.

\openout4 = `C01_B01_MO_DAU_VE_KHTN.mw'.

\openout4 = `C01_B01_MO_DAU_VE_KHTN.mw'.

\openout4 = `C01_B01_MO_DAU_VE_KHTN.mw'.

\openout4 = `C01_B01_MO_DAU_VE_KHTN.mw'.


Overfull \hbox (0.84pt too wide) in paragraph at lines 447--447
   [] [] 
 []


Overfull \hbox (0.84pt too wide) in paragraph at lines 447--447
   [] [] 
 []


Overfull \hbox (0.84pt too wide) in paragraph at lines 447--447
   [] [] 
 []


Package fancyhdr Warning: \headheight is too small (12.0pt): 
(fancyhdr)                Make it at least 31.99992pt, for example:
(fancyhdr)                \setlength{\headheight}{31.99992pt}.
(fancyhdr)                You might also make \topmargin smaller to compensate:

(fancyhdr)                \addtolength{\topmargin}{-19.99992pt}.

\openout4 = `C01_B01_MO_DAU_VE_KHTN.mw'.

[8] (./C01_B01_MO_DAU_VE_KHTN.mw)
\openout4 = `C01_B01_MO_DAU_VE_KHTN.mw'.


Overfull \hbox (0.84pt too wide) in paragraph at lines 447--447
   [] [] 
 []

\openout4 = `C01_B01_MO_DAU_VE_KHTN.mw'.

\openout4 = `C01_B01_MO_DAU_VE_KHTN.mw'.

\openout4 = `C01_B01_MO_DAU_VE_KHTN.mw'.

\openout4 = `C01_B01_MO_DAU_VE_KHTN.mw'.

\openout4 = `C01_B01_MO_DAU_VE_KHTN.mw'.

\openout4 = `C01_B01_MO_DAU_VE_KHTN.mw'.


Overfull \hbox (0.84pt too wide) in paragraph at lines 458--458
   [] [] 
 []


Overfull \hbox (0.84pt too wide) in paragraph at lines 458--458
   [] [] 
 []


Overfull \hbox (0.84pt too wide) in paragraph at lines 458--458
   [] [] 
 []


Overfull \hbox (0.84pt too wide) in paragraph at lines 458--458
   [] [] 
 []

\openout4 = `C01_B01_MO_DAU_VE_KHTN.mw'.

\openout4 = `C01_B01_MO_DAU_VE_KHTN.mw'.

\openout4 = `C01_B01_MO_DAU_VE_KHTN.mw'.

\openout4 = `C01_B01_MO_DAU_VE_KHTN.mw'.

\openout4 = `C01_B01_MO_DAU_VE_KHTN.mw'.

\openout4 = `C01_B01_MO_DAU_VE_KHTN.mw'.

\openout4 = `C01_B01_MO_DAU_VE_KHTN.mw'.

\openout4 = `C01_B01_MO_DAU_VE_KHTN.mw'.

\openout4 = `C01_B01_MO_DAU_VE_KHTN.mw'.

\openout4 = `C01_B01_MO_DAU_VE_KHTN.mw'.

\openout4 = `C01_B01_MO_DAU_VE_KHTN.mw'.

\openout4 = `C01_B01_MO_DAU_VE_KHTN.mw'.

\openout4 = `C01_B01_MO_DAU_VE_KHTN.mw'.

\openout4 = `C01_B01_MO_DAU_VE_KHTN.mw'.

\openout4 = `C01_B01_MO_DAU_VE_KHTN.mw'.

\openout4 = `C01_B01_MO_DAU_VE_KHTN.mw'.

\openout4 = `C01_B01_MO_DAU_VE_KHTN.mw'.

\openout4 = `C01_B01_MO_DAU_VE_KHTN.mw'.

\openout4 = `C01_B01_MO_DAU_VE_KHTN.mw'.

\openout4 = `C01_B01_MO_DAU_VE_KHTN.mw'.

\openout4 = `C01_B01_MO_DAU_VE_KHTN.mw'.

\openout4 = `C01_B01_MO_DAU_VE_KHTN.mw'.

\openout4 = `C01_B01_MO_DAU_VE_KHTN.mw'.

\openout4 = `C01_B01_MO_DAU_VE_KHTN.mw'.

\openout4 = `C01_B01_MO_DAU_VE_KHTN.mw'.

\openout4 = `C01_B01_MO_DAU_VE_KHTN.mw'.

\openout4 = `C01_B01_MO_DAU_VE_KHTN.mw'.

\openout4 = `C01_B01_MO_DAU_VE_KHTN.mw'.

\openout4 = `C01_B01_MO_DAU_VE_KHTN.mw'.

\openout4 = `C01_B01_MO_DAU_VE_KHTN.mw'.


Package fancyhdr Warning: \headheight is too small (12.0pt): 
(fancyhdr)                Make it at least 31.99992pt, for example:
(fancyhdr)                \setlength{\headheight}{31.99992pt}.
(fancyhdr)                You might also make \topmargin smaller to compensate:

(fancyhdr)                \addtolength{\topmargin}{-19.99992pt}.

\openout4 = `C01_B01_MO_DAU_VE_KHTN.mw'.

[9] (./C01_B01_MO_DAU_VE_KHTN.mw)
\openout4 = `C01_B01_MO_DAU_VE_KHTN.mw'.

\openout4 = `C01_B01_MO_DAU_VE_KHTN.mw'.

\openout4 = `C01_B01_MO_DAU_VE_KHTN.mw'.

\openout4 = `C01_B01_MO_DAU_VE_KHTN.mw'.

\openout4 = `C01_B01_MO_DAU_VE_KHTN.mw'.

\openout4 = `C01_B01_MO_DAU_VE_KHTN.mw'.

\openout4 = `C01_B01_MO_DAU_VE_KHTN.mw'.

\openout4 = `Ans/Ans-C01_B01_MO_DAU_VE_KHTN.tex'.

\openout4 = `Ans/LGEX-C01_B01_MO_DAU_VE_KHTN.tex'.


Output from handle ansex going to Ans/LGTF-C01_B01_MO_DAU_VE_KHTN.tex
\openout4 = `Ans/LGTF-C01_B01_MO_DAU_VE_KHTN.tex'.

Output from handle ansbook going to Ansbook/AnsTF-C01_B01_MO_DAU_VE_KHTN.tex
\ansbook@file=\write140
\openout4 = `Ansbook/AnsTF-C01_B01_MO_DAU_VE_KHTN.tex'.

Output from handle ans going to Ans/Tempt-C01_B01_MO_DAU_VE_KHTN.tex
\openout4 = `Ans/Tempt-C01_B01_MO_DAU_VE_KHTN.tex'.


pdfTeX warning (ext4): destination with the same identifier (name{ex.1}) has be
en already used, duplicate ignored
<to be read again> 
                   \relax 
l.536 	\begin{ex}
                 
\openout4 = `C01_B01_MO_DAU_VE_KHTN.mw'.

\openout4 = `C01_B01_MO_DAU_VE_KHTN.mw'.

\openout4 = `C01_B01_MO_DAU_VE_KHTN.mw'.

\openout4 = `C01_B01_MO_DAU_VE_KHTN.mw'.

\openout4 = `C01_B01_MO_DAU_VE_KHTN.mw'.

\openout4 = `C01_B01_MO_DAU_VE_KHTN.mw'.

\openout4 = `C01_B01_MO_DAU_VE_KHTN.mw'.

\openout4 = `C01_B01_MO_DAU_VE_KHTN.mw'.


pdfTeX warning (ext4): destination with the same identifier (name{ex.2}) has be
en already used, duplicate ignored
<to be read again> 
                   \relax 
l.553 	\begin{ex}
                 
\openout4 = `C01_B01_MO_DAU_VE_KHTN.mw'.

\openout4 = `C01_B01_MO_DAU_VE_KHTN.mw'.

\openout4 = `C01_B01_MO_DAU_VE_KHTN.mw'.

\openout4 = `C01_B01_MO_DAU_VE_KHTN.mw'.

\openout4 = `C01_B01_MO_DAU_VE_KHTN.mw'.

\openout4 = `C01_B01_MO_DAU_VE_KHTN.mw'.

\openout4 = `C01_B01_MO_DAU_VE_KHTN.mw'.

\openout4 = `C01_B01_MO_DAU_VE_KHTN.mw'.


pdfTeX warning (ext4): destination with the same identifier (name{ex.3}) has be
en already used, duplicate ignored
<to be read again> 
                   \relax 
l.570 	\begin{ex}
                 

Package fancyhdr Warning: \headheight is too small (12.0pt): 
(fancyhdr)                Make it at least 31.99992pt, for example:
(fancyhdr)                \setlength{\headheight}{31.99992pt}.
(fancyhdr)                You might also make \topmargin smaller to compensate:

(fancyhdr)                \addtolength{\topmargin}{-19.99992pt}.

\openout4 = `C01_B01_MO_DAU_VE_KHTN.mw'.

[10] (./C01_B01_MO_DAU_VE_KHTN.mw)
\openout4 = `C01_B01_MO_DAU_VE_KHTN.mw'.

\openout4 = `C01_B01_MO_DAU_VE_KHTN.mw'.

\openout4 = `C01_B01_MO_DAU_VE_KHTN.mw'.

\openout4 = `C01_B01_MO_DAU_VE_KHTN.mw'.

\openout4 = `C01_B01_MO_DAU_VE_KHTN.mw'.

\openout4 = `C01_B01_MO_DAU_VE_KHTN.mw'.

\openout4 = `C01_B01_MO_DAU_VE_KHTN.mw'.

\openout4 = `C01_B01_MO_DAU_VE_KHTN.mw'.

\openout4 = `C01_B01_MO_DAU_VE_KHTN.mw'.


pdfTeX warning (ext4): destination with the same identifier (name{ex.4}) has be
en already used, duplicate ignored
<to be read again> 
                   \relax 
l.587 	\begin{ex}
                 
\openout4 = `C01_B01_MO_DAU_VE_KHTN.mw'.

\openout4 = `C01_B01_MO_DAU_VE_KHTN.mw'.

\openout4 = `C01_B01_MO_DAU_VE_KHTN.mw'.

\openout4 = `C01_B01_MO_DAU_VE_KHTN.mw'.

\openout4 = `C01_B01_MO_DAU_VE_KHTN.mw'.

\openout4 = `C01_B01_MO_DAU_VE_KHTN.mw'.

\openout4 = `C01_B01_MO_DAU_VE_KHTN.mw'.

\openout4 = `C01_B01_MO_DAU_VE_KHTN.mw'.


pdfTeX warning (ext4): destination with the same identifier (name{ex.5}) has be
en already used, duplicate ignored
<to be read again> 
                   \relax 
l.604 	\begin{ex}
                 
\openout4 = `C01_B01_MO_DAU_VE_KHTN.mw'.

\openout4 = `C01_B01_MO_DAU_VE_KHTN.mw'.

\openout4 = `C01_B01_MO_DAU_VE_KHTN.mw'.

\openout4 = `C01_B01_MO_DAU_VE_KHTN.mw'.

\openout4 = `C01_B01_MO_DAU_VE_KHTN.mw'.

\openout4 = `C01_B01_MO_DAU_VE_KHTN.mw'.

\openout4 = `C01_B01_MO_DAU_VE_KHTN.mw'.

\openout4 = `C01_B01_MO_DAU_VE_KHTN.mw'.


pdfTeX warning (ext4): destination with the same identifier (name{ex.6}) has be
en already used, duplicate ignored
<to be read again> 
                   \relax 
l.621 	\begin{ex}
                 

Package fancyhdr Warning: \headheight is too small (12.0pt): 
(fancyhdr)                Make it at least 31.99992pt, for example:
(fancyhdr)                \setlength{\headheight}{31.99992pt}.
(fancyhdr)                You might also make \topmargin smaller to compensate:

(fancyhdr)                \addtolength{\topmargin}{-19.99992pt}.

\openout4 = `C01_B01_MO_DAU_VE_KHTN.mw'.

[11] (./C01_B01_MO_DAU_VE_KHTN.mw)
\openout4 = `C01_B01_MO_DAU_VE_KHTN.mw'.

\openout4 = `C01_B01_MO_DAU_VE_KHTN.mw'.

\openout4 = `C01_B01_MO_DAU_VE_KHTN.mw'.

\openout4 = `C01_B01_MO_DAU_VE_KHTN.mw'.

\openout4 = `C01_B01_MO_DAU_VE_KHTN.mw'.

\openout4 = `C01_B01_MO_DAU_VE_KHTN.mw'.

\openout4 = `C01_B01_MO_DAU_VE_KHTN.mw'.

\openout4 = `C01_B01_MO_DAU_VE_KHTN.mw'.

\openout4 = `C01_B01_MO_DAU_VE_KHTN.mw'.


pdfTeX warning (ext4): destination with the same identifier (name{ex.7}) has be
en already used, duplicate ignored
<to be read again> 
                   \relax 
l.638 	\begin{ex}
                 
\openout4 = `C01_B01_MO_DAU_VE_KHTN.mw'.

\openout4 = `C01_B01_MO_DAU_VE_KHTN.mw'.

\openout4 = `C01_B01_MO_DAU_VE_KHTN.mw'.

\openout4 = `C01_B01_MO_DAU_VE_KHTN.mw'.

\openout4 = `C01_B01_MO_DAU_VE_KHTN.mw'.

\openout4 = `C01_B01_MO_DAU_VE_KHTN.mw'.

\openout4 = `C01_B01_MO_DAU_VE_KHTN.mw'.

\openout4 = `C01_B01_MO_DAU_VE_KHTN.mw'.


pdfTeX warning (ext4): destination with the same identifier (name{ex.8}) has be
en already used, duplicate ignored
<to be read again> 
                   \relax 
l.655 	\begin{ex}
                 
\openout4 = `C01_B01_MO_DAU_VE_KHTN.mw'.

\openout4 = `C01_B01_MO_DAU_VE_KHTN.mw'.

\openout4 = `C01_B01_MO_DAU_VE_KHTN.mw'.

\openout4 = `C01_B01_MO_DAU_VE_KHTN.mw'.

\openout4 = `C01_B01_MO_DAU_VE_KHTN.mw'.

\openout4 = `C01_B01_MO_DAU_VE_KHTN.mw'.

\openout4 = `C01_B01_MO_DAU_VE_KHTN.mw'.

\openout4 = `C01_B01_MO_DAU_VE_KHTN.mw'.


pdfTeX warning (ext4): destination with the same identifier (name{ex.9}) has be
en already used, duplicate ignored
<to be read again> 
                   \relax 
l.672 	\begin{ex}
                 

Package fancyhdr Warning: \headheight is too small (12.0pt): 
(fancyhdr)                Make it at least 31.99992pt, for example:
(fancyhdr)                \setlength{\headheight}{31.99992pt}.
(fancyhdr)                You might also make \topmargin smaller to compensate:

(fancyhdr)                \addtolength{\topmargin}{-19.99992pt}.

\openout4 = `C01_B01_MO_DAU_VE_KHTN.mw'.

[12] (./C01_B01_MO_DAU_VE_KHTN.mw)
\openout4 = `C01_B01_MO_DAU_VE_KHTN.mw'.

\openout4 = `C01_B01_MO_DAU_VE_KHTN.mw'.

\openout4 = `C01_B01_MO_DAU_VE_KHTN.mw'.

\openout4 = `C01_B01_MO_DAU_VE_KHTN.mw'.

\openout4 = `C01_B01_MO_DAU_VE_KHTN.mw'.

\openout4 = `C01_B01_MO_DAU_VE_KHTN.mw'.

\openout4 = `C01_B01_MO_DAU_VE_KHTN.mw'.

\openout4 = `C01_B01_MO_DAU_VE_KHTN.mw'.

\openout4 = `C01_B01_MO_DAU_VE_KHTN.mw'.


pdfTeX warning (ext4): destination with the same identifier (name{ex.10}) has b
een already used, duplicate ignored
<to be read again> 
                   \relax 
l.689 	\begin{ex}
                 
\openout4 = `C01_B01_MO_DAU_VE_KHTN.mw'.

\openout4 = `C01_B01_MO_DAU_VE_KHTN.mw'.

\openout4 = `C01_B01_MO_DAU_VE_KHTN.mw'.

\openout4 = `C01_B01_MO_DAU_VE_KHTN.mw'.

\openout4 = `C01_B01_MO_DAU_VE_KHTN.mw'.

\openout4 = `C01_B01_MO_DAU_VE_KHTN.mw'.

\openout4 = `C01_B01_MO_DAU_VE_KHTN.mw'.

\openout4 = `C01_B01_MO_DAU_VE_KHTN.mw'.


pdfTeX warning (ext4): destination with the same identifier (name{ex.11}) has b
een already used, duplicate ignored
<to be read again> 
                   \relax 
l.706 	\begin{ex}
                 
\openout4 = `C01_B01_MO_DAU_VE_KHTN.mw'.

\openout4 = `C01_B01_MO_DAU_VE_KHTN.mw'.

\openout4 = `C01_B01_MO_DAU_VE_KHTN.mw'.

\openout4 = `C01_B01_MO_DAU_VE_KHTN.mw'.

\openout4 = `C01_B01_MO_DAU_VE_KHTN.mw'.

\openout4 = `C01_B01_MO_DAU_VE_KHTN.mw'.

\openout4 = `C01_B01_MO_DAU_VE_KHTN.mw'.

\openout4 = `C01_B01_MO_DAU_VE_KHTN.mw'.


pdfTeX warning (ext4): destination with the same identifier (name{ex.12}) has b
een already used, duplicate ignored
<to be read again> 
                   \relax 
l.723 	\begin{ex}
                 

Package fancyhdr Warning: \headheight is too small (12.0pt): 
(fancyhdr)                Make it at least 31.99992pt, for example:
(fancyhdr)                \setlength{\headheight}{31.99992pt}.
(fancyhdr)                You might also make \topmargin smaller to compensate:

(fancyhdr)                \addtolength{\topmargin}{-19.99992pt}.

\openout4 = `C01_B01_MO_DAU_VE_KHTN.mw'.

[13] (./C01_B01_MO_DAU_VE_KHTN.mw)
\openout4 = `C01_B01_MO_DAU_VE_KHTN.mw'.

\openout4 = `C01_B01_MO_DAU_VE_KHTN.mw'.

\openout4 = `C01_B01_MO_DAU_VE_KHTN.mw'.

\openout4 = `C01_B01_MO_DAU_VE_KHTN.mw'.

\openout4 = `C01_B01_MO_DAU_VE_KHTN.mw'.

\openout4 = `C01_B01_MO_DAU_VE_KHTN.mw'.

\openout4 = `C01_B01_MO_DAU_VE_KHTN.mw'.

\openout4 = `C01_B01_MO_DAU_VE_KHTN.mw'.

\openout4 = `C01_B01_MO_DAU_VE_KHTN.mw'.


pdfTeX warning (ext4): destination with the same identifier (name{ex.13}) has b
een already used, duplicate ignored
<to be read again> 
                   \relax 
l.740 	\begin{ex}
                 
\openout4 = `C01_B01_MO_DAU_VE_KHTN.mw'.

\openout4 = `C01_B01_MO_DAU_VE_KHTN.mw'.

\openout4 = `C01_B01_MO_DAU_VE_KHTN.mw'.

\openout4 = `C01_B01_MO_DAU_VE_KHTN.mw'.

\openout4 = `C01_B01_MO_DAU_VE_KHTN.mw'.

\openout4 = `C01_B01_MO_DAU_VE_KHTN.mw'.

\openout4 = `C01_B01_MO_DAU_VE_KHTN.mw'.

\openout4 = `C01_B01_MO_DAU_VE_KHTN.mw'.


pdfTeX warning (ext4): destination with the same identifier (name{ex.14}) has b
een already used, duplicate ignored
<to be read again> 
                   \relax 
l.757 	\begin{ex}
                 
\openout4 = `C01_B01_MO_DAU_VE_KHTN.mw'.

\openout4 = `C01_B01_MO_DAU_VE_KHTN.mw'.

\openout4 = `C01_B01_MO_DAU_VE_KHTN.mw'.

\openout4 = `C01_B01_MO_DAU_VE_KHTN.mw'.

\openout4 = `C01_B01_MO_DAU_VE_KHTN.mw'.

\openout4 = `C01_B01_MO_DAU_VE_KHTN.mw'.

\openout4 = `C01_B01_MO_DAU_VE_KHTN.mw'.

\openout4 = `C01_B01_MO_DAU_VE_KHTN.mw'.

\openout4 = `Ans/Tempt-C01_B01_MO_DAU_VE_KHTN.tex'.

\openout4 = `Ansbook/AnsTF-C01_B01_MO_DAU_VE_KHTN.tex'.

\openout4 = `Ans/LGTF-C01_B01_MO_DAU_VE_KHTN.tex'.


Output from handle ansex going to Ans/LGSA-C01_B01_MO_DAU_VE_KHTN.tex
\openout4 = `Ans/LGSA-C01_B01_MO_DAU_VE_KHTN.tex'.

Output from handle ansexh going to Ans/AnsSA-C01_B01_MO_DAU_VE_KHTN.tex
\ansexh@file=\write141
\openout4 = `Ans/AnsSA-C01_B01_MO_DAU_VE_KHTN.tex'.


pdfTeX warning (ext4): destination with the same identifier (name{ex.1}) has be
en already used, duplicate ignored
<to be read again> 
                   \relax 
l.785 	\begin{ex}
                 
\openout4 = `C01_B01_MO_DAU_VE_KHTN.mw'.

\openout4 = `C01_B01_MO_DAU_VE_KHTN.mw'.

\openout4 = `C01_B01_MO_DAU_VE_KHTN.mw'.

\openout4 = `C01_B01_MO_DAU_VE_KHTN.mw'.

\openout4 = `C01_B01_MO_DAU_VE_KHTN.mw'.

\openout4 = `C01_B01_MO_DAU_VE_KHTN.mw'.



Package fancyhdr Warning: \headheight is too small (12.0pt): 
(fancyhdr)                Make it at least 31.99992pt, for example:
(fancyhdr)                \setlength{\headheight}{31.99992pt}.
(fancyhdr)                You might also make \topmargin smaller to compensate:

(fancyhdr)                \addtolength{\topmargin}{-19.99992pt}.

\openout4 = `C01_B01_MO_DAU_VE_KHTN.mw'.

[14] (./C01_B01_MO_DAU_VE_KHTN.mw)
\openout4 = `C01_B01_MO_DAU_VE_KHTN.mw'.


pdfTeX warning (ext4): destination with the same identifier (name{ex.2}) has be
en already used, duplicate ignored
<to be read again> 
                   \relax 
l.796 	\begin{ex}
                 
\openout4 = `C01_B01_MO_DAU_VE_KHTN.mw'.

\openout4 = `C01_B01_MO_DAU_VE_KHTN.mw'.

\openout4 = `C01_B01_MO_DAU_VE_KHTN.mw'.

\openout4 = `C01_B01_MO_DAU_VE_KHTN.mw'.

\openout4 = `C01_B01_MO_DAU_VE_KHTN.mw'.

\openout4 = `C01_B01_MO_DAU_VE_KHTN.mw'.


pdfTeX warning (ext4): destination with the same identifier (name{ex.3}) has be
en already used, duplicate ignored
<to be read again> 
                   \relax 
l.806 	\begin{ex}
                 
\openout4 = `C01_B01_MO_DAU_VE_KHTN.mw'.

\openout4 = `C01_B01_MO_DAU_VE_KHTN.mw'.

\openout4 = `C01_B01_MO_DAU_VE_KHTN.mw'.

\openout4 = `C01_B01_MO_DAU_VE_KHTN.mw'.

\openout4 = `C01_B01_MO_DAU_VE_KHTN.mw'.

\openout4 = `C01_B01_MO_DAU_VE_KHTN.mw'.


pdfTeX warning (ext4): destination with the same identifier (name{ex.4}) has be
en already used, duplicate ignored
<to be read again> 
                   \relax 
l.818 	\begin{ex}
                 
\openout4 = `C01_B01_MO_DAU_VE_KHTN.mw'.

\openout4 = `C01_B01_MO_DAU_VE_KHTN.mw'.

\openout4 = `C01_B01_MO_DAU_VE_KHTN.mw'.

\openout4 = `C01_B01_MO_DAU_VE_KHTN.mw'.

\openout4 = `C01_B01_MO_DAU_VE_KHTN.mw'.

\openout4 = `C01_B01_MO_DAU_VE_KHTN.mw'.


pdfTeX warning (ext4): destination with the same identifier (name{ex.5}) has be
en already used, duplicate ignored
<to be read again> 
                   \relax 
l.831 	\begin{ex}
                 
\openout4 = `C01_B01_MO_DAU_VE_KHTN.mw'.

\openout4 = `C01_B01_MO_DAU_VE_KHTN.mw'.

\openout4 = `C01_B01_MO_DAU_VE_KHTN.mw'.

\openout4 = `C01_B01_MO_DAU_VE_KHTN.mw'.

\openout4 = `C01_B01_MO_DAU_VE_KHTN.mw'.

\openout4 = `C01_B01_MO_DAU_VE_KHTN.mw'.


pdfTeX warning (ext4): destination with the same identifier (name{ex.6}) has be
en already used, duplicate ignored
<to be read again> 
                   \relax 
l.844 	\begin{ex}
                 

Package fancyhdr Warning: \headheight is too small (12.0pt): 
(fancyhdr)                Make it at least 31.99992pt, for example:
(fancyhdr)                \setlength{\headheight}{31.99992pt}.
(fancyhdr)                You might also make \topmargin smaller to compensate:

(fancyhdr)                \addtolength{\topmargin}{-19.99992pt}.

\openout4 = `C01_B01_MO_DAU_VE_KHTN.mw'.

[15] (./C01_B01_MO_DAU_VE_KHTN.mw)
\openout4 = `C01_B01_MO_DAU_VE_KHTN.mw'.

\openout4 = `C01_B01_MO_DAU_VE_KHTN.mw'.

\openout4 = `C01_B01_MO_DAU_VE_KHTN.mw'.

\openout4 = `C01_B01_MO_DAU_VE_KHTN.mw'.

\openout4 = `C01_B01_MO_DAU_VE_KHTN.mw'.

\openout4 = `C01_B01_MO_DAU_VE_KHTN.mw'.

\openout4 = `C01_B01_MO_DAU_VE_KHTN.mw'.


pdfTeX warning (ext4): destination with the same identifier (name{ex.7}) has be
en already used, duplicate ignored
<to be read again> 
                   \relax 
l.866 	\begin{ex}
                 
\openout4 = `C01_B01_MO_DAU_VE_KHTN.mw'.

\openout4 = `C01_B01_MO_DAU_VE_KHTN.mw'.

\openout4 = `C01_B01_MO_DAU_VE_KHTN.mw'.

\openout4 = `C01_B01_MO_DAU_VE_KHTN.mw'.

\openout4 = `C01_B01_MO_DAU_VE_KHTN.mw'.

\openout4 = `C01_B01_MO_DAU_VE_KHTN.mw'.


pdfTeX warning (ext4): destination with the same identifier (name{ex.8}) has be
en already used, duplicate ignored
<to be read again> 
                   \relax 
l.889 	\begin{ex}
                 
\openout4 = `C01_B01_MO_DAU_VE_KHTN.mw'.

\openout4 = `C01_B01_MO_DAU_VE_KHTN.mw'.

\openout4 = `C01_B01_MO_DAU_VE_KHTN.mw'.

\openout4 = `C01_B01_MO_DAU_VE_KHTN.mw'.

\openout4 = `C01_B01_MO_DAU_VE_KHTN.mw'.

\openout4 = `C01_B01_MO_DAU_VE_KHTN.mw'.



Package fancyhdr Warning: \headheight is too small (12.0pt): 
(fancyhdr)                Make it at least 31.99992pt, for example:
(fancyhdr)                \setlength{\headheight}{31.99992pt}.
(fancyhdr)                You might also make \topmargin smaller to compensate:

(fancyhdr)                \addtolength{\topmargin}{-19.99992pt}.

\openout4 = `C01_B01_MO_DAU_VE_KHTN.mw'.

[16] (./C01_B01_MO_DAU_VE_KHTN.mw)
\openout4 = `C01_B01_MO_DAU_VE_KHTN.mw'.


pdfTeX warning (ext4): destination with the same identifier (name{ex.9}) has be
en already used, duplicate ignored
<to be read again> 
                   \relax 
l.911 	\begin{ex}
                 
\openout4 = `C01_B01_MO_DAU_VE_KHTN.mw'.

\openout4 = `C01_B01_MO_DAU_VE_KHTN.mw'.

\openout4 = `C01_B01_MO_DAU_VE_KHTN.mw'.

\openout4 = `C01_B01_MO_DAU_VE_KHTN.mw'.

\openout4 = `C01_B01_MO_DAU_VE_KHTN.mw'.

\openout4 = `C01_B01_MO_DAU_VE_KHTN.mw'.


pdfTeX warning (ext4): destination with the same identifier (name{ex.10}) has b
een already used, duplicate ignored
<to be read again> 
                   \relax 
l.934 	\begin{ex}
                 
\openout4 = `C01_B01_MO_DAU_VE_KHTN.mw'.

\openout4 = `C01_B01_MO_DAU_VE_KHTN.mw'.

\openout4 = `C01_B01_MO_DAU_VE_KHTN.mw'.

\openout4 = `C01_B01_MO_DAU_VE_KHTN.mw'.

\openout4 = `C01_B01_MO_DAU_VE_KHTN.mw'.

\openout4 = `C01_B01_MO_DAU_VE_KHTN.mw'.

\openout4 = `Ans/AnsSA-C01_B01_MO_DAU_VE_KHTN.tex'.

\openout4 = `Ans/LGSA-C01_B01_MO_DAU_VE_KHTN.tex'.

\tf@thm=\write142
\openout4 = `C01_B01_MO_DAU_VE_KHTN.thm'.

\openout4 = `C01_B01_MO_DAU_VE_KHTN.pre'.



Package fancyhdr Warning: \headheight is too small (12.0pt): 
(fancyhdr)                Make it at least 31.99992pt, for example:
(fancyhdr)                \setlength{\headheight}{31.99992pt}.
(fancyhdr)                You might also make \topmargin smaller to compensate:

(fancyhdr)                \addtolength{\topmargin}{-19.99992pt}.

\openout4 = `C01_B01_MO_DAU_VE_KHTN.mw'.

[17] (./C01_B01_MO_DAU_VE_KHTN.mw)
\openout4 = `C01_B01_MO_DAU_VE_KHTN.mw'.



enddocument/afterlastpage: lastpage setting LastPage.
(./C01_B01_MO_DAU_VE_KHTN.aux)
 ***********
LaTeX2e <2023-11-01> patch level 1
L3 programming layer <2020/03/25>
 ***********


LaTeX Font Warning: Some font shapes were not available, defaults substituted.

\openout4 = `C01_B01_MO_DAU_VE_KHTN.out'.

Package rerunfilecheck Info: File `C01_B01_MO_DAU_VE_KHTN.out' has not changed.

(rerunfilecheck)             Checksum: 2C948EE8A7B2862F3D8CA74555A942B6;682.
\openout4 = `C01_B01_MO_DAU_VE_KHTN.thm'.

 ) 
Here is how much of TeX's memory you used:
 75447 strings out of 474116
 1717683 string characters out of 5747717
 2496919 words of memory out of 5000000
 95377 multiletter control sequences out of 15000+600000
 672940 words of font info for 219 fonts, out of 8000000 for 9000
 1141 hyphenation exceptions out of 8191
 119i,16n,137p,1230b,1865s stack positions out of 10000i,1000n,20000p,200000b,200000s
<c:/texlive/2024/texmf-dist/fonts/type1/public/fontawesome/FontAwesome.pfb><c
:/texlive/2024/texmf-dist/fonts/type1/public/amsfonts/cm/cmr10.pfb><c:/texlive/
2024/texmf-dist/fonts/type1/public/marvosym/marvosym.pfb><c:/texlive/2024/texmf
-dist/fonts/type1/public/miama/miama.pfb><c:/texlive/2024/texmf-dist/fonts/type
1/vntex/vntopia/putb8v.pfb><c:/texlive/2024/texmf-dist/fonts/type1/public/tex-g
yre/qagb.pfb><c:/texlive/2024/texmf-dist/fonts/type1/public/tex-gyre/qagbi.pfb>
<c:/texlive/2024/texmf-dist/fonts/type1/vntex/grotesqvn/ugqb8v.pfb><c:/texlive/
2024/texmf-dist/fonts/type1/vntex/urwvn/uhvb8v.pfb><c:/texlive/2024/texmf-dist/
fonts/type1/vntex/urwvn/utmb8v.pfb><c:/texlive/2024/texmf-dist/fonts/type1/vnte
x/urwvn/utmbi8v.pfb><c:/texlive/2024/texmf-dist/fonts/type1/urw/times/utmr8a.pf
b><c:/texlive/2024/texmf-dist/fonts/type1/vntex/urwvn/utmr8v.pfb><c:/texlive/20
24/texmf-dist/fonts/type1/vntex/urwvn/utmri8v.pfb><c:/texlive/2024/texmf-dist/f
onts/type1/vntex/vnr/vnssbx10.pfb>
Output written on C01_B01_MO_DAU_VE_KHTN.pdf (17 pages, 10000719 bytes).
PDF statistics:
 435 PDF objects out of 1000 (max. 8388607)
 328 compressed objects within 4 object streams
 162 named destinations out of 1000 (max. 500000)
 53068 words of extra memory for PDF output out of 61914 (max. 10000000)

